Date,Class Hash,Smart Contract,DApp / Entity,Fee ($),SN L2 Gas,User Operations,"Active Users ",Calls (Depth 1),"Calls (Any Depth) ",Transactions
"Mar 23, 2026",0x06687c0fc694b797e8a33c286ecc5a0da59faa2703b36c209a4301a4ed74ea53,0x062da0780fae50d68cecaa5a051606dc21217ba290969b302db4dd99d2e9b470,Extended,3001.323791240839,3285272525471.8745,101641,3651,141703,154888,15585
"Mar 23, 2026",0x00622e1d5971e4f99f8b3d6c9ed39738deebb61deea94acff22f70ebcc3537ef,0x06f7c4350d6d5ee926b3ac4fa0c9c351055456e75c92227468d84232fc493a9c,Loot Survivor,611.0740088852389,668209753443.6163,33375,60,0,37219,23075
"Mar 23, 2026",0x04ad3c1dc8413453db314497945b6903e1c766495a1e60492d44da9c2a986e4b,0x04718f5a0fc34cc1af16a1cdee98ffb20c31f5cd61d6ab07201858f4287c938d,STRK Token,244.92997558012823,263366490110.94476,197484,1505,3888,263360,197484
"Mar 23, 2026",0x0577604a2611c851e9cfc4da2ba7f7fc1d44a9327cc734d68b2b271340a6551c,0x00000005dd3d2f4429af886cd1a3b08289dbcea99a294197e9eb43b0e0325b4b,Ekubo,197.4309442648812,126842536751.75836,16195,723,0,99071,16195
"Mar 23, 2026",0x055574645f135e0471a71bc1b33d72cea5d5c5072fac01b9822193681603722e,0x0127021a1b5a52d3174c2ab077c2b043c80369250d29428cee956d76ee51584f,AVNU,167.18054751947366,183146660248.64243,73589,48870,73589,73589,73589
"Mar 23, 2026",0x0429606f5203e9e5f43cfc2fb28023fafed24da6468ff7cf7b0d40b84c3db0bb,0x036017e69d21d6d8c13e266eabb73ef1f1d02722d86bdcabe5f168f8e549d3cd,Loot Survivor,141.5348844965666,154779515750.38217,23602,63,0,149334,23602
"Mar 23, 2026",0x0340e435e91cfd5d1a5431783c7a1a995e92f435b717fe9012c1adf81c11cf77,0x01aa95ea66e7e01acf7dc3fda8be0d8661230c4c36b0169e2bab8ab4d6700dfc,Loot Survivor,135.0700611660249,148348135713.86295,11177,67,5,11178,11175
"Mar 23, 2026",0x04d6370214accdaac8cc249db34a916c92464235b87cf03641a85889d2f6d8e7,0x02a85bd616f912537c50a49a4076db02c00b29b2cdc8a197ce92ed1837fa875b,Pragma,60.173379805333674,63476389313.35888,1132,188,647,31221,1132
"Mar 23, 2026",0x01098b83039193053357e04788e0849cb28a0d2af2d67de9e52123ef4d267eb4,0x046da8955829adf2bda310099a0063451923f02e648cf25a1203aac6335cf0e4,Loot Survivor,40.97876525627837,44935777160.611786,12093,88,0,172076,12093
"Mar 23, 2026",0x047f56c4572d11b6847e61de41cb268c3667b0d1b55e14aa183c8d802e5a72ac,0x0377c2d65debb3978ea81904e7d59740da1f07412e30d01c5ded1c5d6f1ddc43,Focus Tree,33.69936581667631,37011267935.27942,69902,46275,0,70037,69540
"Mar 23, 2026",0x0012276b8ff0f4c1f5c3a087ddc53a263fda97a5ee784f66bcda65467be5a98c,0x05aed2861d17a82b537528597f6710185088429b1c404bed9751518c87902cba,snapshotX,31.690444199428548,34645898989.54886,1963,1,0,3926,1963
"Mar 23, 2026",0x0137a5970f752fd80649fb38d684b090decebec4f2853396617e4f2f01e5396a,0x0199741822c2dc722f6f605204f35e56dbc23bceed54818168c4c49e4fb8737e,Ekubo,30.89551514064959,31898808507.170895,13410,366,14329,30638,8679
"Mar 23, 2026",0x06982d79b2c1da29974bb766df7e642960ce61de0c4d6211adf1aa8a16ae32b6,0x051fea4450da9d6aee758bdeba88b2f665bcbf549d2c61421aa724e9ac0ced8f,Cartridge,20.287814064197516,22187845149.951344,32843,97,65686,131372,32843
"Mar 23, 2026",0x0182dfcf12cf38789f5937a1b920f0513195131a408716224ac8273f371d9d0a,0x049ff5b3a7d38e2b50198f408fa8281635b5bc81ee49ab87ac36c8324c214427,Nostra,12.07959572190261,11285157819.768696,500,149,11,537,500
"Mar 23, 2026",0x07f162ee6baa4816cea0e2f25fa6ae0966618355bd752ecde6766e60815621f0,0x04270219d365d6b017231b52e92b3fb5d7c8378b05e9abc97724537a80e93b0f,AVNU,10.964241592895034,11937666572.484156,2131,413,1189,6107,2131
"Mar 23, 2026",0x0306288971002bd7906e3a607d504dfb28dcbdc7655a115984e567dce3b67e8f,0x024a55b928496ef83468fdb9a5430fe031ac386b8f62f5c2eb7dd20ef7237415,Pragma,7.455045628340511,8132460130.823456,635,5,0,33132,635
"Mar 23, 2026",0x002e4fbe1c458eb6ec7a5b15d78674bb6fbfd5872aca0fe920d462bd6fb8ed0b,0x05e03162008d76cf645fe53c6c13a7a5fce745e8991c6ffe94400d60e44c210a,Nostra,6.4829718684166355,5694656501.511653,87,47,0,519,87
"Mar 23, 2026",0x0432c02039833e1d0a937e8fbd472181579fbe068a2434dfea0420b3dd800502,0x029edbca81c979decd6ee02205127e8b10c011bca1d337141170095eba690931,Endur,5.457655734377577,5868720878.490264,345,65,101,4301,345
"Mar 23, 2026",0x0131e8a1b84559246f3743584740446c28f7fd885d5859d63d2883d1002d80ba,0x043e4f09c32d13d43a880e85f69f7de93ceda62d6cf2581a582c6db635548fdc,Ekubo,4.247026478062417,4342889970.54463,1220,260,0,3693,1220
"Mar 23, 2026",0x07e7b6448b503b61d9bdaa834fd647d2e2ed58d01187a9d894e1ec8e6445f3cd,0x0422d33a3638dcc4c62e72e1d6942cd31eb643ef596ccac2351e0e21f6cd4bf4,Influence,4.0955113789656705,4489687415.122162,546,15,539,1192,410
"Mar 23, 2026",0x020c69ca2574ce216956b19150f84980b42c3274a9fa1599f32e98df590b9fe8,0x05d07d9f64be843eb189f898200ab5ed66663d2db5523ce6f90b43654462ee66,Jokers of Neon,3.8522528129320603,4231031543.215333,1115,5,1116,1116,1112
"Mar 23, 2026",0x002e4fbe1c458eb6ec7a5b15d78674bb6fbfd5872aca0fe920d462bd6fb8ed0b,0x01583919ffd78e87fa28fdf6b6a805fe3ddf52f754a63721dcd4c258211129a6,Nostra,2.8856473373647336,2947869527.043444,41,29,0,208,41
"Mar 23, 2026",0x002e4fbe1c458eb6ec7a5b15d78674bb6fbfd5872aca0fe920d462bd6fb8ed0b,0x042543c7d220465bd3f8f42314b51f4f3a61d58de3770523b281da61dbf27c8a,Nostra,2.5608828684913,2580659327.2839136,71,40,0,400,71
"Mar 23, 2026",0x05811dfbc1f38392aa3e9580178ee2b5bf48fe9ee421ba709625e447d51bfe76,0x005e470ff654d834983a46b8f29dfa99963d5044b993cb7b9c92243a69dab38f,Ekubo,2.4686717047452835,2635234184.2107167,1074,215,0,2327,1074
"Mar 23, 2026",0x002e4fbe1c458eb6ec7a5b15d78674bb6fbfd5872aca0fe920d462bd6fb8ed0b,0x01a2de9f2895ac4e6cb80c11ecc07ce8062a4ae883f64cb2b1dc6724b85e897d,Nostra,2.2785305511615523,2422478214.470733,34,21,0,200,34
"Mar 23, 2026",0x02517d8839beef1dd5c901257cc01530dfff37bad76b72fea8c8985bf11125ca,0x029023e0a455d19d6887bc13727356070089527b79e6feb562ffe1afd6711dbe,Loot Survivor,1.4871735637242276,1635375879.308345,3812,47,1,3902,3812
"Mar 23, 2026",0x05ac1d8735a2db9dc798b4ac457357d2b36559aa7a174e84f7ec88654d123f26,0x0103eafe79f8631932530cc687dfcdeb013c883a82619ebf81be393e2953a87a,Loot Survivor,1.2881551226161576,1405874451.2532315,144,43,3,164,144
"Mar 23, 2026",0x02517d8839beef1dd5c901257cc01530dfff37bad76b72fea8c8985bf11125ca,0x016f9def00daef9f1874dd932b081096f50aec2fe61df31a81bc5707a7522443,Loot Survivor,1.2149394886317735,1333120493.5565257,3021,52,0,3050,3021
"Mar 23, 2026",0x0261e2522908ec7d5fde00d3c0f83c90ec9caa1f3d12cd5be913e2ce55dcf8cb,0x03704c751314e87f871e63bfbaf2e43db895fc51b7d4c967cd3082e21a1d629f,Ejara,1.014146712556586,1117352520.852372,1496,1,1496,1496,1496
"Mar 23, 2026",0x078e647e45d1d01f6af14124f5dcc58fccc3a3c888d97169e321e2fbe5488436,0x073f6addc9339de9822cab4dac8c9431779c09077f02ba7bc36904ea342dd9eb,Nostra,0.9218548788521993,1001926291.0247054,44,18,0,222,44
"Mar 23, 2026",0x0743c83c41ce99ad470aa308823f417b2141e02e04571f5c0004e743556e7faf,0x04364d8e9f994453f5d0c8dc838293226d8ae0aec78030e5ee5fb91614b00eb5,LootRealms,0.8838920165795235,984358712.849784,47,1,47,47,47
"Mar 23, 2026",0x02517d8839beef1dd5c901257cc01530dfff37bad76b72fea8c8985bf11125ca,0x049eaed2a1ba2f2eb6ac2661ffd2d79231cdd7d5293d9448df49c5986c9897ae,Loot Survivor,0.7752015967775768,847563692.9870572,974,45,1,1002,974
"Mar 23, 2026",0x04b1651ce08651a821bcb548f0d0a8a824b92959081e80e258b3a2b5094ca3f0,0x06b734db9fd1244f26622204a89dc6e212620f1413ec8cbc46f2c0bb53fc7deb,Starknet,0.7663006764336551,841980777.7051592,91,1,91,91,91
"Mar 23, 2026",0x0743c83c41ce99ad470aa308823f417b2141e02e04571f5c0004e743556e7faf,0x015d9023ac1fbc6963c0ad84e3b98c47c6ff90def416e2c21f7b0da1759e4546,LootRealms,0.7618509090592847,825576875.8568538,41,1,41,41,41
"Mar 23, 2026",0x05d1b28890a519dcbb350bd0e422627299243921103cead25960d70b9b73f4fc,0x057b14a4231b82f1e525ff35a722d893ca3dd2bde0baa6cee97937c5be861dbc,atomiq.exchange,0.7340215294783704,802142508.9237288,163,2,160,163,163
"Mar 23, 2026",0x0514718bb56ed2a8607554c7d393c2ffd73cbab971c120b00a2ce27cc58dd1c1,0x07a6f98c03379b9513ca84cca1373ff452a7462a3b61598f0af5bb27ad7f76d1,10kswap,0.6480684569570961,525813075.7123656,305,153,27,308,305
"Mar 23, 2026",0x04e40639b8104b510a4522442ca55e7029406e5cdb140707f78ee82e98599b9f,0x01c3c8284d7eed443b42f47e764032a56eaf50a9079d67993b633930e3689814,Loot Survivor,0.6030921836021543,659051836.1118884,167,48,12,291,167
"Mar 23, 2026",0x072ddc6cc22fb26453334e9cf1cbb92f12d2946d058e2b2b571c65d0f23d6516,0x02cb02c72e8a0975e69e88298443e984d965a49eab38f5bdde1f5072daa09cfe,Starknet Staking,0.6030196337927094,659559066.8162924,207,108,68,227,207
"Mar 23, 2026",0x0231adde42526bad434ca2eb983efdd64472638702f87f97e6e3c084f264e06f,0x000023c72abdf49dffc85ae3ede714f2168ad384cc67d08524732acea90df325,10kswap,0.5575034645472446,543134239.7372711,178,50,3,372,178
"Mar 23, 2026",0x0242c26b828af0e6dbef60b84e300a257c81c990c52cf0486a39c061e701e23a,0x06428ec3221f369792df13e7d59580902f1bfabd56a81d30224f4f282ba380cd,Opus,0.5178569688623792,565344034.8176107,47,3,0,841,47
"Mar 23, 2026",0x02517d8839beef1dd5c901257cc01530dfff37bad76b72fea8c8985bf11125ca,0x016dea82a6588ca9fb7200125fa05631b1c1735a313e24afe9c90301e441a796,Loot Survivor,0.48930130066829713,534567690.8048928,248,45,1,294,248
"Mar 23, 2026",0x00c12f7c0a0bf73e3675345a8d28d26c83db3b13605f2aa33cba8344a0f582b5,0x02e0af29598b407c8716b17f6d2795eca1b471413fa03fb145a5e33722184067,Ekubo,0.43822579165426684,476970471.3824378,145,41,132,415,108
"Mar 23, 2026",0x062c6e1d7bd892e63a3514c672e9cfe63bfb647fac4eccc54517f135c25750ee,0x000d8d6dfec4d33bfb6895de9f3852143a17c6f92fd2a21da3d6924d34870160,Vesu,0.39039607166653156,428152858.714884,19,9,3,19,19
"Mar 23, 2026",0x01a736d6ed154502257f02b1ccdf4d9d1089f80811cd6acad48e6b6a9d1f2003,0x019252b1deef483477c4d30cfcc3e5ed9c82fafea44669c182a45a01b4fdb97a,Layerswap,0.3882087496648245,425469806.30545884,391,1,0,782,391
"Mar 23, 2026",0x05ffbcfeb50d200a0677c48a129a11245a3fc519d1d98d76882d1c9a1b19c6ed,0x075afe6402ad5a5c20dd25e10ec3b3986acaa647b77e4ae24b0cbc9a54a27a87,Ekubo,0.30435617503586204,246373147.39262256,782,240,47,4263,782
"Mar 23, 2026",0x037ee302be6f4e4f166c90662fa346241667da86d6690d7704d96b790eb796cf,0x0498edfaf50ca5855666a700c25dd629d577eb9afccdf3b5977aec79aee55ada,Opus,0.29859254349937947,325212376.4293121,226,40,1,3524,226
"Mar 23, 2026",0x0358663e6ed9d37efd33d4661e20b2bad143e0f92076b0c91fe65f31ccf55046,0x073314940630fd6dcda0d772d4c972c4e0a9946bef9dabf4ef84eda8ef542b82,StarkGate,0.289577552199298,29300632.51221553,10,6,4,6,6
"Mar 23, 2026",0x06cb284a6d8ef16b86856d753e3655406f9ff86f4d8e4f22479f2d739fbb4df2,0x00f6f4cf62e3c010e0ac2451cc7807b5eec19a40b0faacd00cca3914280fdf5a,Fibrous,0.2777501910523093,307880213.6573731,5,2,5,58,5
"Mar 23, 2026",0x03a4008a3e868c3545b61a38b054f054c22a9c8f242eeeaa536c7d9c2226694b,0x059a943ca214c10234b9a3b61c558ac20c005127d183b86a99a8f3c60a08b4ff,Nostra,0.26981095792576143,295540217.09611684,44,18,0,916,44
"Mar 23, 2026",0x009f9205f50528a4c6308c69c675c14e65f31c72b1f7f1d2375d04fae1eec546,0x0124aeb495b947201f5fac96fd1138e326ad86195b98df6dec9009158a533b49,Eternum,0.24049300325533793,262193253.3813696,125,29,16,1054,125
"Mar 23, 2026",0x01b2df6d8861670d4a8ca4670433b2418d78169c2947f46dc614e69f333745c8,0x02ceed65a4bd731034c01113685c831b01c15d7d432f71afb1cf1634b53a2125,Universal Deployer,0.17186662727373933,188168596.08860865,393,30,416,427,371
"Mar 23, 2026",0x02eb0fc47912fe0997d82d8c66aad672cfd8b3ec56161d42e3059c3443603f71,0x0359550b990167afd6635fa574f3bdadd83cb51850e1d00061fe693158c23f80,Jediswap,0.17021089327147468,186566116.1794569,12,9,0,28,12
"Mar 23, 2026",0x0337f32bd5fccef2b67d2c620a8d31abccd5960c37f0c0b58d5e5327fac7e6b7,0x0038925b0bcf4dce081042ca26a96300d9e181b910328db54a6c89e5451503f5,Haiko,0.15690858938090738,172769166.93518105,5,5,0,5,5
"Mar 23, 2026",0x0743c83c41ce99ad470aa308823f417b2141e02e04571f5c0004e743556e7faf,0x00594d857f23ba0bb3b5820b2f24af943be6102d73b92228f8ac60f9ab364f36,LootRealms,0.149937849234113,162883409.58801755,9,1,9,9,9
"Mar 23, 2026",0x0743c83c41ce99ad470aa308823f417b2141e02e04571f5c0004e743556e7faf,0x02e4727dfc9f4a6a0c8cee69c6987f487637ccd5e220808fd975bf267cf70431,LootRealms,0.1391162653822797,149567892.67898193,23,1,23,23,23
"Mar 23, 2026",0x05f06dcb8ef65dd934ba261e6f5ddc03ad3707a028236289feef4ef451f01a52,0x028d709c875c0ceac3dce7065bec5328186dc89fe254527084d1689910954b0a,Endur,0.1347154199940108,146777344.87679374,122,29,25,663,122
"Mar 23, 2026",0x0358663e6ed9d37efd33d4661e20b2bad143e0f92076b0c91fe65f31ccf55046,0x074761a8d48ce002963002becc6d9c3dd8a2a05b1075d55e5967f42296f16bd0,StarkGate,0.12899296954074807,2874709.993552547,2,1,2,2,2
"Mar 23, 2026",0x03836d91365026d9b4a91ca788e1c3551fa2b222e5ece5bf445e8d66c9c56766,0x0616757a151c21f9be8775098d591c2807316d992bbc3bb1a5c1821630589256,StarkGate,0.11577561179791489,3764335.224211315,3,2,1,3,3
"Mar 23, 2026",0x0286355a41a2ab7f9233c864ed1f05ce629be19de5adc5274b9f117c4aae48b6,0x04d8bb956e6bd7a50fcb8b49d8e9fd8269cfadbeb73f457fd6d3fc1dff4b879e,Element Market,0.1109068047877165,122716976.28716804,14,13,14,14,14
"Mar 23, 2026",0x074aad3c412b1d7c05f720abfd39adc709b8bf8a8c7640e50505a9436a6ff0cf,0x063d69ae657bd2f40337c39bf35a870ac27ddf91e6623c2f52529db4c1619a51,Nostra,0.0951291138994391,103746824.7808563,35,15,5,326,35
"Mar 23, 2026",0x04f9849485e35f4a1c57d69b297feda94e743151f788202a6d731173babf4aec,0x05ef8800d242c5d5e218605d6a10e81449529d4144185f95bf4b8fb669424516,Nostra,0.08886319320507444,94149065.07810654,91,58,0,389,91
"Mar 23, 2026",0x07d932bada070262a966bf3bdbd41fecf4d69d9c00c03e674d92d69b2dc7a022,0x00c318445d5a5096e2ad086452d5c97f65a9d28cafe343345e0fa70da0841295,Nostra,0.08346354375601425,90441784.08254567,13,10,0,48,13
"Mar 23, 2026",0x074aad3c412b1d7c05f720abfd39adc709b8bf8a8c7640e50505a9436a6ff0cf,0x024e9b0d6bc79e111e6872bb1ada2a874c25712cf08dfc5bcf0de008a7cca55f,Nostra,0.07575902505250279,83277083.8503365,30,12,3,241,30
"Mar 23, 2026",0x022837e805f6ebd2fc819b38d17dba57f07d4ff2ac3e931afba60393dc1ef7c3,0x04dd39de0a588f5e1c7a8377e1bef2c49caaee49a11433429d2c48f587b3a492,ForgeYields,0.06959710825263696,76798384.38794743,2,1,2,2,2
"Mar 23, 2026",0x04f9849485e35f4a1c57d69b297feda94e743151f788202a6d731173babf4aec,0x068400056dccee818caa7e8a2c305f9a60d255145bac22d6c5c9bf9e2e046b71,Nostra,0.06804219020259801,71885936.04989712,95,71,0,462,95
"Mar 23, 2026",0x054419e4ceed1d9a705d8d149e0ccffa608c3830b3c504939daba4179900eda1,0x0088eedbe2fe3918b69ccb411713b7fa72079d4eddf291103ccbe41e78a9615c,StarkGate,0.06775774864585482,2448555.181337363,2,1,2,2,1
"Mar 23, 2026",0x04f9849485e35f4a1c57d69b297feda94e743151f788202a6d731173babf4aec,0x07ae43abf704f4981094a4f3457d1abe6b176844f6cdfbb39c0544a635ef56b0,Nostra,0.06647129446153906,71471355.13183679,74,53,0,359,74
"Mar 23, 2026",0x0231adde42526bad434ca2eb983efdd64472638702f87f97e6e3c084f264e06f,0x017e9e62c04b50800d7c59454754fe31a2193c9c3c6c92c093f2ab0faadf8c87,10kswap,0.06381340791500446,55619732.00799427,55,43,4,115,55
"Mar 23, 2026",0x073073a6c4b631f49e199e963259398baf150db99bfc15846f43163ec09381c4,0x050ed6ab03aef492cd062e25facf40ceef63294c53d12b514226f8fb4753266e,Ekubo,0.05995631040634948,17557412.633554164,19,12,0,32,19
"Mar 23, 2026",0x0655ed27f19070cdbc6815b1eabb10653e03564a4ec83df289d464b9a111fdec,0x050707bc3b8730022f10530c2c6f6b9467644129c50c2868ad0036c5e4e9e616,ForgeYields,0.0561130834290372,62058004.31441417,2,1,2,2,2
"Mar 23, 2026",0x00757b0a734118b77ca0ef8298c904dc4d6dd1112a74b89f762e64578c5dd61e,0x07558a9da2fac57f5a4381fef8c36c92ca66adc20978063982382846f72a4448,Opus,0.05017111519459052,54751364.13122938,47,1,47,47,47
"Mar 23, 2026",0x0684028bba86bf6c2b979f3d6ad2cfcc07943cff5bfa31368e4b65b4c6a554c8,0x07fdcec0cef01294c9c3d52415215949805c77bae8003702a7928fd6d2c36bc1,ForgeYields,0.04800795398485467,53177848.93712805,2,1,2,2,2
"Mar 23, 2026",0x029fd83b01f02b45987dfb9652633cd0f1f64a0f36403ab1fed7bd99642fa474,0x057146f6409deb4c9fa12866915dd952aa07c1eb2752e451d7f3b042086bdeb8,Nostra,0.04647224351625042,51386011.232642,31,14,6,119,31
"Mar 23, 2026",0x03b6c6b615ff3df037d5fdad054b62ad89092149958b1500c1d281fd6f2fd14b,0x04b64b2f861d2ac56cee58a02d8474d83dc16cc84ecd8d3ef2024f70aed92378,Nostra,0.038850179225866505,42258104.62297182,19,6,0,33,19
"Mar 23, 2026",0x010999af7972d4e1cff67953bb407dd1401052534c268d4600cf7f302cca9e88,0x00c530f2c0aa4c16a0806365b0898499fba372e5df7a7172dc6fe9ba777e8007,Nostra,0.037010405708290194,39535017.57628284,58,45,21,489,58
"Mar 23, 2026",0x029fd83b01f02b45987dfb9652633cd0f1f64a0f36403ab1fed7bd99642fa474,0x0453c4c996f1047d9370f824d68145bd5e7ce12d00437140ad02181e1d11dc83,Nostra,0.027343296526013517,29545806.789296273,30,12,0,111,30
"Mar 23, 2026",0x027bb37f5b8cbf4fd29f1042f5574e6b6faeda9951bad9571b54af56887966b7,0x06ac597f8116f886fa1c97a23fa4e08299975ecaf6b598873ca6792b9bbfb678,Starknet ID,0.027096290630444067,29275351.109424144,3,2,3,3,3
"Mar 23, 2026",0x03b6c6b615ff3df037d5fdad054b62ad89092149958b1500c1d281fd6f2fd14b,0x00d8621fa1f45928c462a6db8e78b5a4bb09b6032ba2344707204757cc2adfe3,Nostra,0.025528475496112424,27755283.568900485,13,5,0,22,13
"Mar 23, 2026",0x0608417939ea23747b180be2919f543d4c94ee7a2759511f80bbdfc2ffed410e,0x07d83b8842d2074a31926a59e942e4f39f879cac52e0f7c28b77240301a8bb6d,Brove,0.022872315000517254,24936899.82583203,5,2,1,5,5
"Mar 23, 2026",0x04f9849485e35f4a1c57d69b297feda94e743151f788202a6d731173babf4aec,0x052b136b37a7e6ea52ce1647fb5edc64efe23d449fc1561d9994a9f8feaa6753,Nostra,0.022842001023575358,24552472.885114633,23,19,0,102,23
"Mar 23, 2026",0x00af217ac88042025de06ba64d713509e287c4bab56234826083432e2ec58a52,0x02d1e95661e7726022071c06a95cdae092595954096c373cde24a34bb3984cbf,Opus,0.022350786862383298,24400899.211310335,44,1,0,44,44
"Mar 23, 2026",0x00af217ac88042025de06ba64d713509e287c4bab56234826083432e2ec58a52,0x05bc1c8a78667fac3bf9617903dbf2c1bfe3937e1d37ada3d8b86bf70fb7926e,Opus,0.022350786862383298,24400899.211310335,44,1,0,44,44
"Mar 23, 2026",0x002e4fbe1c458eb6ec7a5b15d78674bb6fbfd5872aca0fe920d462bd6fb8ed0b,0x0577521a1f005bd663d0fa7f37f0dbac4d7f55b98791d280b158346d9551ff2b,Nostra,0.022273990491992458,18825608.681567326,4,4,0,26,4
"Mar 23, 2026",0x00af217ac88042025de06ba64d713509e287c4bab56234826083432e2ec58a52,0x0315ce9c5d3e5772481181441369d8eea74303b9710a6c72e3fcbbdb83c0dab1,Opus,0.020929514200258688,22843057.43016628,45,2,0,46,45
"Mar 23, 2026",0x00af217ac88042025de06ba64d713509e287c4bab56234826083432e2ec58a52,0x031a96fe18fe3fdab28822c82c81471f1802800723c8f3e209f1d9da53bc637d,Opus,0.020488221290518027,22367490.94370114,44,1,0,44,44
"Mar 23, 2026",0x0079c62b9e8e26527d1cfd9721e4bbe82a181212d8c4ce0bd9ef36214fe53653,0x04d0bb0a4c40012384e7c419e6eb3c637b28e8363fb66958b60d90505b9c072f,Opus,0.01906974369882266,20792560.961122375,5,2,5,5,5
"Mar 23, 2026",0x05973b1bed1f0a20a9125fac8ec5499f29f44bb70d9c465658c0da20ca9b75f3,0x04f5e0de717daa6aa8de63b1bf2e8d7823ec5b21a88461b1519d9dbc956fb7f2,Spiko,0.018040704882392355,19870670.8505139,9,9,8,14,9
"Mar 23, 2026",0x029fd83b01f02b45987dfb9652633cd0f1f64a0f36403ab1fed7bd99642fa474,0x002fc2d4b41cc1f03d185e6681cbd40cced61915d4891517a042658d61cba3b1,Nostra,0.017674114910252496,19305443.33033963,15,7,0,105,15
"Mar 23, 2026",0x03b6c6b615ff3df037d5fdad054b62ad89092149958b1500c1d281fd6f2fd14b,0x002bebc40e96b6f2247cc1992d720aed76d9edd7ee9c68cc949deea54defb965,Nostra,0.016581872171910258,18087008.058479317,11,7,0,15,11
"Mar 23, 2026",0x0642c954a1346cdd4dc5b319fb9e78b858ab8a9fd98c6aee4d6165056acfdc28,0x07e2dd623390edcbadde1def93aa6c8a1866c664273d9a4e5f8129a060d25916,PonziLand,0.016135516895228443,17885472.828099836,2,1,1,2,2
"Mar 23, 2026",0x029fd83b01f02b45987dfb9652633cd0f1f64a0f36403ab1fed7bd99642fa474,0x05dcd26c25d9d8fd9fc860038dcb6e4d835e524eb8a85213a8cda5b7fff845f6,Nostra,0.013902140167458027,15136486.689793143,35,15,1,126,35
"Mar 23, 2026",0x074aad3c412b1d7c05f720abfd39adc709b8bf8a8c7640e50505a9436a6ff0cf,0x00ba3037d968790ac486f70acaa9a1cab10cf5843bb85c986624b4d0e5a82e74,Nostra,0.013140991146840583,14554375.397780066,31,14,0,125,31
"Mar 23, 2026",0x029fd83b01f02b45987dfb9652633cd0f1f64a0f36403ab1fed7bd99642fa474,0x0360f9786a6595137f84f2d6931aaec09ceec476a94a98dcad2bb092c6c06701,Nostra,0.011855539588360789,12949692.223140743,9,6,0,73,9
"Mar 23, 2026",0x07bc7b264612d3ac261df0a6d72a6b73c84b9386ef0095dd340d42afc01bb53c,0x04479801e8674c839115bc6270b9bde0d3288cc974cc8c3c03e615c44038c0ce,PonziLand,0.011078329915937829,12279628.079923965,2,1,0,35,2
"Mar 23, 2026",0x0372f78538763e8bc8d8b00e78f7f3632e373f315c963324442a139007d7c1ba,0x05b4ff547559e1b0681e8f62a0d420f83009a6491f4927f3f158b932abff5f7f,POW!,0.010822441513788549,11684206.377629554,8,1,0,11,1
"Mar 23, 2026",0x0100704ea06d803d31fb48aee85266359a37a2b9557d7d6f0815b9d04bd7a0a2,0x068a7a07e08fc3e723a878223d00f669106780d5ea6665eb15d893476d47bf3b,Pistols at Dawn,0.00861643328163673,9602162.464065708,1,1,0,1,1
"Mar 23, 2026",0x05973b1bed1f0a20a9125fac8ec5499f29f44bb70d9c465658c0da20ca9b75f3,0x020ff2f6021ada9edbceaf31b96f9f67b746662a6e6b2bc9d30c0d3e290a71f6,Spiko,0.008100949368593933,8960647.926614719,4,4,3,6,4
"Mar 23, 2026",0x04f9849485e35f4a1c57d69b297feda94e743151f788202a6d731173babf4aec,0x07f232e7857effe04f7351e9bb2f1ebc2589bacca3380ae84efcc22067c1436e,Nostra,0.007647353837017821,7597956.560983529,15,8,0,76,15
"Mar 23, 2026",0x029fd83b01f02b45987dfb9652633cd0f1f64a0f36403ab1fed7bd99642fa474,0x01fecadfe7cda2487c66291f2970a629be8eecdcb006ba4e71d1428c2b7605c7,Nostra,0.0076159228623075,8420080.676387737,7,6,0,49,7
"Mar 23, 2026",0x0358663e6ed9d37efd33d4661e20b2bad143e0f92076b0c91fe65f31ccf55046,0x05cd48fccbfd8aa2773fe22c217e808319ffcc1c5a6a463f7d8fa2da48218196,StarkGate,0.007615134910372935,1068410.4846405531,3,3,0,3,3
"Mar 23, 2026",0x04f9849485e35f4a1c57d69b297feda94e743151f788202a6d731173babf4aec,0x0285aa1c4bbeef8a183fb7245f096ddc4c99c6b2fedd1c1af52a634c83842804,Nostra,0.007542564403223216,8027653.140307027,9,9,0,46,9
"Mar 23, 2026",0x05ad546a6c28eb16584335a4f717918199ffde7e722131ef518df23ec55a34d4,0x07b696af58c967c1b14c9dde0ace001720635a660a8e90c565ea459345318b30,Ekubo,0.0052513805763521,5720941.633059247,108,41,0,225,108
"Mar 23, 2026",0x07ad19eba012a12147cd91b475c22d75c47b6f59eb09ed18c27bb967477073ce,0x066e3e2ea2095b2a0424b9a2272e4058f30332df5ff226518d19c20d3ab8e842,Opus,0.005076652016755393,5572586.721711123,2,1,0,4,2
"Mar 23, 2026",0x04f9849485e35f4a1c57d69b297feda94e743151f788202a6d731173babf4aec,0x05ae9c593b2bef20a8d69ae7abf1e6da551481f9efd83d03a9f05b6d7c9a78ec,Nostra,0.004789174873566156,5114943.066590644,9,6,0,46,9
"Mar 23, 2026",0x030cdf64bacc2779e2f207b3992de1c2e5036b9e87c22eb60319ae25f1a73077,0x02bcaef2eb7706875a5fdc6853dd961a0590f850bc3a031c59887189b5e84ba1,Re7 Labs,0.004141633353949822,4456227.403984622,1,1,1,1,1
"Mar 23, 2026",0x030cdf64bacc2779e2f207b3992de1c2e5036b9e87c22eb60319ae25f1a73077,0x01248e385c23a929a015ec298a26560fa7745bbd6e41a886550e337b02714b1b,Re7 Labs,0.004113216471138617,4425652.005078695,1,1,1,1,1
"Mar 23, 2026",0x030cdf64bacc2779e2f207b3992de1c2e5036b9e87c22eb60319ae25f1a73077,0x01c9232b8186d9317652f05055615f18a120c2ad9e5ee96c39e031c257fb945b,Re7 Labs,0.004001585992425069,4305542.194322795,1,1,1,1,1
"Mar 23, 2026",0x030cdf64bacc2779e2f207b3992de1c2e5036b9e87c22eb60319ae25f1a73077,0x04ce3024b0ee879009112d7b0e073f8a87153dd35b029347d4247ffe48d28f51,Re7 Labs,0.0038870017875411817,4182254.2955085738,1,1,1,1,1
"Mar 23, 2026",0x066e6c4b3ff0c038485993ffeb7ff3b176cdf91ee52fb5a6113117874944e08f,0x05dbdedc203e92749e2e746e2d40a768d966bd243df04a6b712e222bc040a9af,Starknet ID,0.003065672948141294,3392811.241306586,7,4,5,10,7
"Mar 23, 2026",0x04f9849485e35f4a1c57d69b297feda94e743151f788202a6d731173babf4aec,0x03d51776d3ce07c211d5dbdf40a9333ec6d6d3a0b2853de1d6706f9ea3b88d45,Nostra,0.002789657024585034,3021728.387768849,4,4,0,17,4
"Mar 23, 2026",0x04f9849485e35f4a1c57d69b297feda94e743151f788202a6d731173babf4aec,0x03f8c9062f1bfe45f82cd70ed97ff053bc5836783ec66adfe3288eb1b43aa83b,Nostra,0.0026837605484091977,2907516.643961061,4,4,0,15,4
"Mar 23, 2026",0x076efa96ef2751327b7644a27add6147be009724e1ad9a2290e67a718c4b7903,0x043e447f2008d7c24267524b9858f793851381d90a8780c1b31d62500ae26009,Brove,0.002230268085039789,2475921.520352466,4,1,0,4,4
"Mar 23, 2026",0x029fd83b01f02b45987dfb9652633cd0f1f64a0f36403ab1fed7bd99642fa474,0x05b7d301fa769274f20e89222169c0fad4d846c366440afc160aafadd6f88f0c,Nostra,0.0022269338152515585,2429445.8849805114,29,12,0,62,29
"Mar 23, 2026",0x074aad3c412b1d7c05f720abfd39adc709b8bf8a8c7640e50505a9436a6ff0cf,0x0491480f21299223b9ce770f23a2c383437f9fbf57abc2ac952e9af8cdb12c97,Nostra,0.0022269338152515585,2429445.884980511,29,12,0,62,29
"Mar 23, 2026",0x029fd83b01f02b45987dfb9652633cd0f1f64a0f36403ab1fed7bd99642fa474,0x04f18ffc850cdfa223a530d7246d3c6fc12a5969e0aa5d4a88f470f5fe6c46e9,Nostra,0.002226933815251558,2429445.884980512,29,12,0,62,29
"Mar 23, 2026",0x074aad3c412b1d7c05f720abfd39adc709b8bf8a8c7640e50505a9436a6ff0cf,0x066037c083c33330a8460a65e4748ceec275bbf5f28aa71b686cbc0010e12597,Nostra,0.002226933815251558,2429445.8849805114,29,12,0,62,29
"Mar 23, 2026",0x038082dfcc9e1afd67eaabcb9b0cff0646237badf22a494bcfc72532c8fc2249,0x01aa950c9b974294787de8df8880ecf668840a6ab8fa8290bf2952212b375148,Jediswap,0.0019537502708082714,2107965.83961799,33,29,0,98,33
"Mar 23, 2026",0x04b0d3834bed6c7e522a0f82e517a6182e5080decccc55d665e3a920c55b1b07,0x02d1d7fae120273704aba170cb9b5f1d4cb03ba6c7bbf248e04daefe7c425a8d,Earn,0.0018331871453109265,1967167.7264048068,10,3,0,10,10
"Mar 23, 2026",0x06afa2f21a611f8b4a77ef681a9eb0c7cd6e52aa918e7f8b4b8142b4ca1bde49,0x01325caf7c91ee415b8df721fb952fa88486a0fc250063eafddd5d3c67867ce7,Nostra,0.0013095909985284435,1418101.4307438496,2,1,0,8,2
"Mar 23, 2026",0x0386d92966f0908ded021f3959610dc52a605922387e0847df45832c046a79bd,0x0142af5b6c97f02cac9c91be1ea9895d855c5842825cb2180673796e54d73dc5,Nostra,0.0011134669076257792,1214722.9424902557,29,12,0,62,29
"Mar 23, 2026",0x076b533a863ea90cc391c5226ec5d5b6466bfeb0721d6c970d3b627a18de720d,0x044debfe17e4d9a5a1e226dabaf286e72c9cc36abbe71c5b847e669da4503893,Nostra,0.0011134669076257792,1214722.9424902557,29,12,0,62,29
"Mar 23, 2026",0x076b533a863ea90cc391c5226ec5d5b6466bfeb0721d6c970d3b627a18de720d,0x005c4676bcb21454659479b3cd0129884d914df9c9b922c1c649696d2e058d70,Nostra,0.0011134669076257792,1214722.9424902557,29,12,0,62,29
"Mar 23, 2026",0x076b533a863ea90cc391c5226ec5d5b6466bfeb0721d6c970d3b627a18de720d,0x0514bd7ee8c97d4286bd481c54aa0793e43edbfb7e1ab9784c4b30469dcf9313,Nostra,0.001113466907625779,1214722.9424902557,29,12,0,62,29
"Mar 23, 2026",0x076b533a863ea90cc391c5226ec5d5b6466bfeb0721d6c970d3b627a18de720d,0x05f296e1b9f4cf1ab452c218e72e02a8713cee98921dad2d3b5706235e128ee4,Nostra,0.001113466907625779,1214722.9424902555,29,12,0,62,29
"Mar 23, 2026",0x0743c83c41ce99ad470aa308823f417b2141e02e04571f5c0004e743556e7faf,0x0643bce119f53a1ec83f57c4c42f694659c2da543d6f8a85b335d3f4bef12548,LootRealms,0.0011063526310204736,1226958.3927414129,1,1,0,2,1
"Mar 23, 2026",0x02e2b0572c84099a7eb50712f0e1ec944e68f388a236308dbf5c2e1108d05db5,0x03830e4eda8e20783529b5316c0469f6f471b72c89be5369fbd5246c77b21936,OnChainGM,0.000806753067317832,869247.1843509189,1,1,1,1,1
"Mar 23, 2026",0x026f310e2708ce2a8ac821d6b44919bc793fe3ed30c3a7d1fd0debc76b8ee961,0x013a0314dd07c6639921bd0e7eb8c865b28b3c7a413238baf804de3464d428dd,Privacy Pools,0.0007131646602279125,771645.6659492999,1,1,1,1,1
"Mar 23, 2026",0x03a076d5c163f505a7777bcc14ad1345ab93a4213125a8f3dbbe16f236e0be64,0x021bcb191263cd28357465f9388570465f330724fe2a9a085fb372c7356226dc,Dmail Network,0.0006264908845009881,671759.4690474009,3,2,2,3,3
"Mar 23, 2026",0x0055373ed0e387ba6117b7bf65fa4a67af582f8de4e2a20cc75669d26ddb2df3,0x01c0a36e26a8f822e0d81f20a5a562b16a8f8a3dfd99801367dd2aea8f1a87a2,10kswap,0.00060407669587402,668036.1439654888,17,15,0,17,17
"Mar 23, 2026",0x036225e72f257920de8a7334037e77fcef0c787f73a26e65a2a64f2fb82d6853,0x04619e9ce4109590219c5263787050726be63382148538f3f936c22aa87d2fc2,Nostra,0.00028157698392741954,304129.77556570765,2,1,0,6,2
"Mar 23, 2026",0x06b56132a4871ed2b30a9e1c111a4eb8f263954c2ab7e67a771a88ce1148b8cb,0x0516b89aeb41f328ab8bc20f8379fdaaa1b93916dfe39306e7a479d1d62f751c,Brove,0.00011139410816374238,122657.49385749386,2,2,0,2,2
"Mar 23, 2026",0x01ea86e318e073dc0b20f82d89d25f6c8d2fe4134a24479107801e0c1fe68484,0x04708f47cafbd0f07b42f7831dff8624950e5e847ea761aac22979507bbd1ab5,PonziLand,0.00002287974842454334,25369.39724391905,1,1,0,1,1
"Mar 23, 2026",0x00a4be978f4f5ab770e896939d1ff8e4f34e6917282201e3d01b9b2fdc6e8cf6,0x012bfd17cf83c6e263b91778069aef02a52f9eb9bfa28d1fd5303d3afe387c8c,PonziLand,0.00002287974842454334,25369.39724391905,1,1,0,1,1
"Mar 22, 2026",0x06687c0fc694b797e8a33c286ecc5a0da59faa2703b36c209a4301a4ed74ea53,0x062da0780fae50d68cecaa5a051606dc21217ba290969b302db4dd99d2e9b470,Extended,1817.5180361242367,1973088768931.839,74907,3106,116377,125116,9854
"Mar 22, 2026",0x00622e1d5971e4f99f8b3d6c9ed39738deebb61deea94acff22f70ebcc3537ef,0x06f7c4350d6d5ee926b3ac4fa0c9c351055456e75c92227468d84232fc493a9c,Loot Survivor,632.5950364197755,686647995195.7,33158,40,0,38456,23474
"Mar 22, 2026",0x04ad3c1dc8413453db314497945b6903e1c766495a1e60492d44da9c2a986e4b,0x04718f5a0fc34cc1af16a1cdee98ffb20c31f5cd61d6ab07201858f4287c938d,STRK Token,585.9904991368021,636184946365.7474,186845,1275,2378,256443,186845
"Mar 22, 2026",0x055574645f135e0471a71bc1b33d72cea5d5c5072fac01b9822193681603722e,0x0127021a1b5a52d3174c2ab077c2b043c80369250d29428cee956d76ee51584f,AVNU,169.89980821904263,184789471377.27612,74353,45783,74353,74353,74353
"Mar 22, 2026",0x0429606f5203e9e5f43cfc2fb28023fafed24da6468ff7cf7b0d40b84c3db0bb,0x036017e69d21d6d8c13e266eabb73ef1f1d02722d86bdcabe5f168f8e549d3cd,Loot Survivor,145.50249179599842,157927350774.46793,23978,41,0,154414,23978
"Mar 22, 2026",0x0577604a2611c851e9cfc4da2ba7f7fc1d44a9327cc734d68b2b271340a6551c,0x00000005dd3d2f4429af886cd1a3b08289dbcea99a294197e9eb43b0e0325b4b,Ekubo,128.9635878223369,86897025193.33685,11259,594,1,76726,11259
"Mar 22, 2026",0x0340e435e91cfd5d1a5431783c7a1a995e92f435b717fe9012c1adf81c11cf77,0x01aa95ea66e7e01acf7dc3fda8be0d8661230c4c36b0169e2bab8ab4d6700dfc,Loot Survivor,124.86899474936932,136045309508.00546,9926,64,0,9926,9925
"Mar 22, 2026",0x04d6370214accdaac8cc249db34a916c92464235b87cf03641a85889d2f6d8e7,0x02a85bd616f912537c50a49a4076db02c00b29b2cdc8a197ce92ed1837fa875b,Pragma,51.069687021190006,49819357167.15543,949,134,597,32482,949
"Mar 22, 2026",0x01098b83039193053357e04788e0849cb28a0d2af2d67de9e52123ef4d267eb4,0x046da8955829adf2bda310099a0063451923f02e648cf25a1203aac6335cf0e4,Loot Survivor,42.679114914477495,46410239289.005424,11034,78,0,172326,11034
"Mar 22, 2026",0x06982d79b2c1da29974bb766df7e642960ce61de0c4d6211adf1aa8a16ae32b6,0x051fea4450da9d6aee758bdeba88b2f665bcbf549d2c61421aa724e9ac0ced8f,Cartridge,39.49249548148389,42935534032.169075,31840,83,63680,127360,31840
"Mar 22, 2026",0x047f56c4572d11b6847e61de41cb268c3667b0d1b55e14aa183c8d802e5a72ac,0x0377c2d65debb3978ea81904e7d59740da1f07412e30d01c5ded1c5d6f1ddc43,Focus Tree,34.436624025805266,37488305324.23628,70774,43448,0,70911,70523
"Mar 22, 2026",0x0012276b8ff0f4c1f5c3a087ddc53a263fda97a5ee784f66bcda65467be5a98c,0x05aed2861d17a82b537528597f6710185088429b1c404bed9751518c87902cba,snapshotX,28.793335978796964,31254935176.935215,1771,1,0,3542,1771
"Mar 22, 2026",0x0137a5970f752fd80649fb38d684b090decebec4f2853396617e4f2f01e5396a,0x0199741822c2dc722f6f605204f35e56dbc23bceed54818168c4c49e4fb8737e,Ekubo,21.555109227244127,21568839589.65994,7488,300,7733,21229,5834
"Mar 22, 2026",0x0432c02039833e1d0a937e8fbd472181579fbe068a2434dfea0420b3dd800502,0x029edbca81c979decd6ee02205127e8b10c011bca1d337141170095eba690931,Endur,15.138330729922782,16412174315.515154,612,56,323,11601,612
"Mar 22, 2026",0x07f162ee6baa4816cea0e2f25fa6ae0966618355bd752ecde6766e60815621f0,0x04270219d365d6b017231b52e92b3fb5d7c8378b05e9abc97724537a80e93b0f,AVNU,11.820459031590707,12759736653.125565,2102,304,1132,6288,2102
"Mar 22, 2026",0x07e7b6448b503b61d9bdaa834fd647d2e2ed58d01187a9d894e1ec8e6445f3cd,0x0422d33a3638dcc4c62e72e1d6942cd31eb643ef596ccac2351e0e21f6cd4bf4,Influence,6.836270469225619,7383392084.863363,1013,11,1237,2560,528
"Mar 22, 2026",0x0182dfcf12cf38789f5937a1b920f0513195131a408716224ac8273f371d9d0a,0x049ff5b3a7d38e2b50198f408fa8281635b5bc81ee49ab87ac36c8324c214427,Nostra,6.443552598833329,4518338033.254313,367,144,0,404,367
"Mar 22, 2026",0x0306288971002bd7906e3a607d504dfb28dcbdc7655a115984e567dce3b67e8f,0x024a55b928496ef83468fdb9a5430fe031ac386b8f62f5c2eb7dd20ef7237415,Pragma,6.215393386288119,6767853562.393859,585,5,0,28388,585
"Mar 22, 2026",0x0131e8a1b84559246f3743584740446c28f7fd885d5859d63d2883d1002d80ba,0x043e4f09c32d13d43a880e85f69f7de93ceda62d6cf2581a582c6db635548fdc,Ekubo,5.410513633324232,4812847506.930212,1571,258,0,4580,1571
"Mar 22, 2026",0x0743c83c41ce99ad470aa308823f417b2141e02e04571f5c0004e743556e7faf,0x015d9023ac1fbc6963c0ad84e3b98c47c6ff90def416e2c21f7b0da1759e4546,LootRealms,5.30558278576023,5678013761.346557,317,1,317,317,317
"Mar 22, 2026",0x020c69ca2574ce216956b19150f84980b42c3274a9fa1599f32e98df590b9fe8,0x05d07d9f64be843eb189f898200ab5ed66663d2db5523ce6f90b43654462ee66,Jokers of Neon,4.341084866091318,4738814460.816121,1254,5,1256,1256,1251
"Mar 22, 2026",0x05811dfbc1f38392aa3e9580178ee2b5bf48fe9ee421ba709625e447d51bfe76,0x005e470ff654d834983a46b8f29dfa99963d5044b993cb7b9c92243a69dab38f,Ekubo,2.795250882751307,2835631146.423654,1366,233,0,2698,1366
"Mar 22, 2026",0x002e4fbe1c458eb6ec7a5b15d78674bb6fbfd5872aca0fe920d462bd6fb8ed0b,0x01583919ffd78e87fa28fdf6b6a805fe3ddf52f754a63721dcd4c258211129a6,Nostra,2.3936134425330415,948775816.1477255,16,12,0,77,16
"Mar 22, 2026",0x002e4fbe1c458eb6ec7a5b15d78674bb6fbfd5872aca0fe920d462bd6fb8ed0b,0x05e03162008d76cf645fe53c6c13a7a5fce745e8991c6ffe94400d60e44c210a,Nostra,2.3070112048663307,1900579524.5165548,31,18,0,188,31
"Mar 22, 2026",0x078e647e45d1d01f6af14124f5dcc58fccc3a3c888d97169e321e2fbe5488436,0x073f6addc9339de9822cab4dac8c9431779c09077f02ba7bc36904ea342dd9eb,Nostra,1.6201672001102623,1781438940.7468348,83,31,0,370,83
"Mar 22, 2026",0x002e4fbe1c458eb6ec7a5b15d78674bb6fbfd5872aca0fe920d462bd6fb8ed0b,0x042543c7d220465bd3f8f42314b51f4f3a61d58de3770523b281da61dbf27c8a,Nostra,1.2443550649192658,1305489293.7089734,46,26,2,228,46
"Mar 22, 2026",0x0743c83c41ce99ad470aa308823f417b2141e02e04571f5c0004e743556e7faf,0x02e4727dfc9f4a6a0c8cee69c6987f487637ccd5e220808fd975bf267cf70431,LootRealms,1.210394546289493,1311285917.3347545,141,1,141,141,141
"Mar 22, 2026",0x02517d8839beef1dd5c901257cc01530dfff37bad76b72fea8c8985bf11125ca,0x016f9def00daef9f1874dd932b081096f50aec2fe61df31a81bc5707a7522443,Loot Survivor,1.1069358449454767,1204834644.8411286,3099,53,0,3136,3099
"Mar 22, 2026",0x002e4fbe1c458eb6ec7a5b15d78674bb6fbfd5872aca0fe920d462bd6fb8ed0b,0x01a2de9f2895ac4e6cb80c11ecc07ce8062a4ae883f64cb2b1dc6724b85e897d,Nostra,1.06598544851596,1006974663.8091384,19,13,0,105,19
"Mar 22, 2026",0x05ac1d8735a2db9dc798b4ac457357d2b36559aa7a174e84f7ec88654d123f26,0x0103eafe79f8631932530cc687dfcdeb013c883a82619ebf81be393e2953a87a,Loot Survivor,1.0488916385406761,1137680544.4116588,122,41,17,239,122
"Mar 22, 2026",0x062c6e1d7bd892e63a3514c672e9cfe63bfb647fac4eccc54517f135c25750ee,0x000d8d6dfec4d33bfb6895de9f3852143a17c6f92fd2a21da3d6924d34870160,Vesu,0.936589478814461,1011795038.610876,85,6,7,85,85
"Mar 22, 2026",0x02517d8839beef1dd5c901257cc01530dfff37bad76b72fea8c8985bf11125ca,0x049eaed2a1ba2f2eb6ac2661ffd2d79231cdd7d5293d9448df49c5986c9897ae,Loot Survivor,0.874549216012558,950397752.3232582,1542,46,1,1578,1542
"Mar 22, 2026",0x02517d8839beef1dd5c901257cc01530dfff37bad76b72fea8c8985bf11125ca,0x029023e0a455d19d6887bc13727356070089527b79e6feb562ffe1afd6711dbe,Loot Survivor,0.8634723096774578,938332475.641523,2140,46,0,2206,2140
"Mar 22, 2026",0x05d1b28890a519dcbb350bd0e422627299243921103cead25960d70b9b73f4fc,0x057b14a4231b82f1e525ff35a722d893ca3dd2bde0baa6cee97937c5be861dbc,atomiq.exchange,0.8128558232332187,882593859.6058958,169,2,161,169,169
"Mar 22, 2026",0x04b1651ce08651a821bcb548f0d0a8a824b92959081e80e258b3a2b5094ca3f0,0x06b734db9fd1244f26622204a89dc6e212620f1413ec8cbc46f2c0bb53fc7deb,Starknet,0.7469686561053897,815584048.4278035,93,1,93,93,93
"Mar 22, 2026",0x072ddc6cc22fb26453334e9cf1cbb92f12d2946d058e2b2b571c65d0f23d6516,0x02cb02c72e8a0975e69e88298443e984d965a49eab38f5bdde1f5072daa09cfe,Starknet Staking,0.6035898249493273,654643327.4266311,198,106,66,213,198
"Mar 22, 2026",0x0358663e6ed9d37efd33d4661e20b2bad143e0f92076b0c91fe65f31ccf55046,0x073314940630fd6dcda0d772d4c972c4e0a9946bef9dabf4ef84eda8ef542b82,StarkGate,0.5713236651597484,34921951.130617015,12,6,9,9,9
"Mar 22, 2026",0x0242c26b828af0e6dbef60b84e300a257c81c990c52cf0486a39c061e701e23a,0x06428ec3221f369792df13e7d59580902f1bfabd56a81d30224f4f282ba380cd,Opus,0.5641374299285887,612533131.1342945,54,5,0,905,54
"Mar 22, 2026",0x04e40639b8104b510a4522442ca55e7029406e5cdb140707f78ee82e98599b9f,0x01c3c8284d7eed443b42f47e764032a56eaf50a9079d67993b633930e3689814,Loot Survivor,0.5205688403732898,565014452.2497175,137,45,12,226,137
"Mar 22, 2026",0x02517d8839beef1dd5c901257cc01530dfff37bad76b72fea8c8985bf11125ca,0x016dea82a6588ca9fb7200125fa05631b1c1735a313e24afe9c90301e441a796,Loot Survivor,0.5133850227961525,558479925.8624587,680,40,1,710,680
"Mar 22, 2026",0x05ffbcfeb50d200a0677c48a129a11245a3fc519d1d98d76882d1c9a1b19c6ed,0x075afe6402ad5a5c20dd25e10ec3b3986acaa647b77e4ae24b0cbc9a54a27a87,Ekubo,0.4635528217900953,272570508.4292581,1093,233,53,4478,1093
"Mar 22, 2026",0x03a4008a3e868c3545b61a38b054f054c22a9c8f242eeeaa536c7d9c2226694b,0x059a943ca214c10234b9a3b61c558ac20c005127d183b86a99a8f3c60a08b4ff,Nostra,0.45857429070233946,501232465.7056935,83,31,0,1534,83
"Mar 22, 2026",0x01a736d6ed154502257f02b1ccdf4d9d1089f80811cd6acad48e6b6a9d1f2003,0x019252b1deef483477c4d30cfcc3e5ed9c82fafea44669c182a45a01b4fdb97a,Layerswap,0.4209726524513702,456688756.990692,421,1,0,842,421
"Mar 22, 2026",0x00c12f7c0a0bf73e3675345a8d28d26c83db3b13605f2aa33cba8344a0f582b5,0x02e0af29598b407c8716b17f6d2795eca1b471413fa03fb145a5e33722184067,Ekubo,0.41342788792322566,450807952.40034,96,35,70,428,96
"Mar 22, 2026",0x037ee302be6f4e4f166c90662fa346241667da86d6690d7704d96b790eb796cf,0x0498edfaf50ca5855666a700c25dd629d577eb9afccdf3b5977aec79aee55ada,Opus,0.35693321833576497,384928627.26965123,261,46,2,3730,261
"Mar 22, 2026",0x0514718bb56ed2a8607554c7d393c2ffd73cbab971c120b00a2ce27cc58dd1c1,0x07a6f98c03379b9513ca84cca1373ff452a7462a3b61598f0af5bb27ad7f76d1,10kswap,0.2862377312324313,276126069.8410649,204,113,9,214,204
"Mar 22, 2026",0x05f06dcb8ef65dd934ba261e6f5ddc03ad3707a028236289feef4ef451f01a52,0x028d709c875c0ceac3dce7065bec5328186dc89fe254527084d1689910954b0a,Endur,0.25689322345387167,277184715.3269515,175,28,40,981,175
"Mar 22, 2026",0x0231adde42526bad434ca2eb983efdd64472638702f87f97e6e3c084f264e06f,0x000023c72abdf49dffc85ae3ede714f2168ad384cc67d08524732acea90df325,10kswap,0.22280642442909826,226720484.82112032,94,43,3,197,94
"Mar 22, 2026",0x073073a6c4b631f49e199e963259398baf150db99bfc15846f43163ec09381c4,0x050ed6ab03aef492cd062e25facf40ceef63294c53d12b514226f8fb4753266e,Ekubo,0.21538261626216648,49931019.99015772,60,37,0,126,60
"Mar 22, 2026",0x02eb0fc47912fe0997d82d8c66aad672cfd8b3ec56161d42e3059c3443603f71,0x0359550b990167afd6635fa574f3bdadd83cb51850e1d00061fe693158c23f80,Jediswap,0.19134598401666192,208231971.7288447,13,6,0,28,13
"Mar 22, 2026",0x074aad3c412b1d7c05f720abfd39adc709b8bf8a8c7640e50505a9436a6ff0cf,0x063d69ae657bd2f40337c39bf35a870ac27ddf91e6623c2f52529db4c1619a51,Nostra,0.18739407762780055,206175105.4854285,66,26,8,650,66
"Mar 22, 2026",0x01b2df6d8861670d4a8ca4670433b2418d78169c2947f46dc614e69f333745c8,0x02ceed65a4bd731034c01113685c831b01c15d7d432f71afb1cf1634b53a2125,Universal Deployer,0.18222159406498206,198403738.64386183,403,19,443,457,332
"Mar 22, 2026",0x0261e2522908ec7d5fde00d3c0f83c90ec9caa1f3d12cd5be913e2ce55dcf8cb,0x03704c751314e87f871e63bfbaf2e43db895fc51b7d4c967cd3082e21a1d629f,Ejara,0.16774739614142767,181562007.79412496,268,1,268,268,268
"Mar 22, 2026",0x0358663e6ed9d37efd33d4661e20b2bad143e0f92076b0c91fe65f31ccf55046,0x0594c1582459ea03f77deaf9eb7e3917d6994a03c13405ba42867f83d85f085d,StarkGate,0.12562924305798845,3246318.274803893,4,3,3,3,3
"Mar 22, 2026",0x07d932bada070262a966bf3bdbd41fecf4d69d9c00c03e674d92d69b2dc7a022,0x00c318445d5a5096e2ad086452d5c97f65a9d28cafe343345e0fa70da0841295,Nostra,0.09635991647981289,103478046.09183045,17,16,0,74,17
"Mar 22, 2026",0x029fd83b01f02b45987dfb9652633cd0f1f64a0f36403ab1fed7bd99642fa474,0x05dcd26c25d9d8fd9fc860038dcb6e4d835e524eb8a85213a8cda5b7fff845f6,Nostra,0.09153394609141577,100289450.91986033,66,26,8,289,66
"Mar 22, 2026",0x04f9849485e35f4a1c57d69b297feda94e743151f788202a6d731173babf4aec,0x068400056dccee818caa7e8a2c305f9a60d255145bac22d6c5c9bf9e2e046b71,Nostra,0.08446887327192411,90206028.19210622,117,67,0,497,117
"Mar 22, 2026",0x04f9849485e35f4a1c57d69b297feda94e743151f788202a6d731173babf4aec,0x07ae43abf704f4981094a4f3457d1abe6b176844f6cdfbb39c0544a635ef56b0,Nostra,0.07309570742593385,74097864.53832178,88,53,0,376,88
"Mar 22, 2026",0x022837e805f6ebd2fc819b38d17dba57f07d4ff2ac3e931afba60393dc1ef7c3,0x04dd39de0a588f5e1c7a8377e1bef2c49caaee49a11433429d2c48f587b3a492,ForgeYields,0.06874550327795112,75032704.14607379,3,2,2,3,3
"Mar 22, 2026",0x03b6c6b615ff3df037d5fdad054b62ad89092149958b1500c1d281fd6f2fd14b,0x04b64b2f861d2ac56cee58a02d8474d83dc16cc84ecd8d3ef2024f70aed92378,Nostra,0.06534598522274952,71781157.18897934,38,15,0,54,38
"Mar 22, 2026",0x029fd83b01f02b45987dfb9652633cd0f1f64a0f36403ab1fed7bd99642fa474,0x05b7d301fa769274f20e89222169c0fad4d846c366440afc160aafadd6f88f0c,Nostra,0.0639055418211311,69705922.64840588,53,21,5,137,53
"Mar 22, 2026",0x0358663e6ed9d37efd33d4661e20b2bad143e0f92076b0c91fe65f31ccf55046,0x074761a8d48ce002963002becc6d9c3dd8a2a05b1075d55e5967f42296f16bd0,StarkGate,0.06065156264910993,1437354.9967762735,1,1,1,1,1
"Mar 22, 2026",0x009f9205f50528a4c6308c69c675c14e65f31c72b1f7f1d2375d04fae1eec546,0x0124aeb495b947201f5fac96fd1138e326ad86195b98df6dec9009158a533b49,Eternum,0.06013244757584822,64735076.57943047,130,39,10,820,130
"Mar 22, 2026",0x03b6c6b615ff3df037d5fdad054b62ad89092149958b1500c1d281fd6f2fd14b,0x00d8621fa1f45928c462a6db8e78b5a4bb09b6032ba2344707204757cc2adfe3,Nostra,0.05887376999288355,64712745.88016122,31,10,0,47,31
"Mar 22, 2026",0x074aad3c412b1d7c05f720abfd39adc709b8bf8a8c7640e50505a9436a6ff0cf,0x024e9b0d6bc79e111e6872bb1ada2a874c25712cf08dfc5bcf0de008a7cca55f,Nostra,0.05805857762102432,63673791.09239559,58,25,5,287,58
"Mar 22, 2026",0x0743c83c41ce99ad470aa308823f417b2141e02e04571f5c0004e743556e7faf,0x04364d8e9f994453f5d0c8dc838293226d8ae0aec78030e5ee5fb91614b00eb5,LootRealms,0.057677222101909155,62609175.08580323,8,1,8,8,8
"Mar 22, 2026",0x0079c62b9e8e26527d1cfd9721e4bbe82a181212d8c4ce0bd9ef36214fe53653,0x04d0bb0a4c40012384e7c419e6eb3c637b28e8363fb66958b60d90505b9c072f,Opus,0.0575449588497876,62671960.64302705,21,5,21,21,21
"Mar 22, 2026",0x00757b0a734118b77ca0ef8298c904dc4d6dd1112a74b89f762e64578c5dd61e,0x07558a9da2fac57f5a4381fef8c36c92ca66adc20978063982382846f72a4448,Opus,0.0515992450873591,55949076.70972134,48,1,48,48,48
"Mar 22, 2026",0x0372f78538763e8bc8d8b00e78f7f3632e373f315c963324442a139007d7c1ba,0x05b4ff547559e1b0681e8f62a0d420f83009a6491f4927f3f158b932abff5f7f,POW!,0.04780573498124466,52947372.87251179,22,1,0,32,5
"Mar 22, 2026",0x04f9849485e35f4a1c57d69b297feda94e743151f788202a6d731173babf4aec,0x05ef8800d242c5d5e218605d6a10e81449529d4144185f95bf4b8fb669424516,Nostra,0.04545661286919148,48649449.355537176,51,32,0,203,51
"Mar 22, 2026",0x029fd83b01f02b45987dfb9652633cd0f1f64a0f36403ab1fed7bd99642fa474,0x002fc2d4b41cc1f03d185e6681cbd40cced61915d4891517a042658d61cba3b1,Nostra,0.04246219796284488,46612204.79432874,36,16,0,252,36
"Mar 22, 2026",0x03836d91365026d9b4a91ca788e1c3551fa2b222e5ece5bf445e8d66c9c56766,0x0616757a151c21f9be8775098d591c2807316d992bbc3bb1a5c1821630589256,StarkGate,0.04161816501297818,1636171.7731206059,2,1,0,1,1
"Mar 22, 2026",0x0358663e6ed9d37efd33d4661e20b2bad143e0f92076b0c91fe65f31ccf55046,0x05cd48fccbfd8aa2773fe22c217e808319ffcc1c5a6a463f7d8fa2da48218196,StarkGate,0.04132974434355127,3122352.8536684574,4,3,0,6,4
"Mar 22, 2026",0x0655ed27f19070cdbc6815b1eabb10653e03564a4ec83df289d464b9a111fdec,0x050707bc3b8730022f10530c2c6f6b9467644129c50c2868ad0036c5e4e9e616,ForgeYields,0.04043655546310399,44296430.454695426,2,1,2,2,2
"Mar 22, 2026",0x0684028bba86bf6c2b979f3d6ad2cfcc07943cff5bfa31368e4b65b4c6a554c8,0x07fdcec0cef01294c9c3d52415215949805c77bae8003702a7928fd6d2c36bc1,ForgeYields,0.04037280669689468,44296860.9326796,2,1,2,2,2
"Mar 22, 2026",0x010999af7972d4e1cff67953bb407dd1401052534c268d4600cf7f302cca9e88,0x00c530f2c0aa4c16a0806365b0898499fba372e5df7a7172dc6fe9ba777e8007,Nostra,0.03231630869400927,34984923.97403223,55,29,14,553,55
"Mar 22, 2026",0x0231adde42526bad434ca2eb983efdd64472638702f87f97e6e3c084f264e06f,0x017e9e62c04b50800d7c59454754fe31a2193c9c3c6c92c093f2ab0faadf8c87,10kswap,0.03176761607267753,32290538.34157807,37,28,0,77,37
"Mar 22, 2026",0x029fd83b01f02b45987dfb9652633cd0f1f64a0f36403ab1fed7bd99642fa474,0x0453c4c996f1047d9370f824d68145bd5e7ce12d00437140ad02181e1d11dc83,Nostra,0.031206041134116562,33991482.498979785,58,25,3,174,58
"Mar 22, 2026",0x029fd83b01f02b45987dfb9652633cd0f1f64a0f36403ab1fed7bd99642fa474,0x057146f6409deb4c9fa12866915dd952aa07c1eb2752e451d7f3b042086bdeb8,Nostra,0.02923918496914264,32011035.74644326,54,21,2,150,54
"Mar 22, 2026",0x0743c83c41ce99ad470aa308823f417b2141e02e04571f5c0004e743556e7faf,0x00594d857f23ba0bb3b5820b2f24af943be6102d73b92228f8ac60f9ab364f36,LootRealms,0.02444820083285881,26516609.89524516,2,1,2,2,2
"Mar 22, 2026",0x00af217ac88042025de06ba64d713509e287c4bab56234826083432e2ec58a52,0x02d1e95661e7726022071c06a95cdae092595954096c373cde24a34bb3984cbf,Opus,0.02423983084298292,26317898.795329858,47,1,0,47,47
"Mar 22, 2026",0x00af217ac88042025de06ba64d713509e287c4bab56234826083432e2ec58a52,0x05bc1c8a78667fac3bf9617903dbf2c1bfe3937e1d37ada3d8b86bf70fb7926e,Opus,0.02423983084298292,26317898.795329854,47,1,0,47,47
"Mar 22, 2026",0x00af217ac88042025de06ba64d713509e287c4bab56234826083432e2ec58a52,0x0315ce9c5d3e5772481181441369d8eea74303b9710a6c72e3fcbbdb83c0dab1,Opus,0.02221984493940101,24124740.562385704,47,1,0,47,47
"Mar 22, 2026",0x00af217ac88042025de06ba64d713509e287c4bab56234826083432e2ec58a52,0x031a96fe18fe3fdab28822c82c81471f1802800723c8f3e209f1d9da53bc637d,Opus,0.022219844939401007,24124740.5623857,47,1,0,47,47
"Mar 22, 2026",0x076b533a863ea90cc391c5226ec5d5b6466bfeb0721d6c970d3b627a18de720d,0x044debfe17e4d9a5a1e226dabaf286e72c9cc36abbe71c5b847e669da4503893,Nostra,0.021008569697478538,22904206.446191203,51,21,1,104,51
"Mar 22, 2026",0x04f9849485e35f4a1c57d69b297feda94e743151f788202a6d731173babf4aec,0x052b136b37a7e6ea52ce1647fb5edc64efe23d449fc1561d9994a9f8feaa6753,Nostra,0.019861275736969993,21193636.01562503,26,14,0,113,26
"Mar 22, 2026",0x04f9849485e35f4a1c57d69b297feda94e743151f788202a6d731173babf4aec,0x05ae9c593b2bef20a8d69ae7abf1e6da551481f9efd83d03a9f05b6d7c9a78ec,Nostra,0.01854100499147444,19710962.70788813,23,15,0,80,23
"Mar 22, 2026",0x03b6c6b615ff3df037d5fdad054b62ad89092149958b1500c1d281fd6f2fd14b,0x002bebc40e96b6f2247cc1992d720aed76d9edd7ee9c68cc949deea54defb965,Nostra,0.01453023671951418,15983021.778110618,10,7,0,12,10
"Mar 22, 2026",0x074aad3c412b1d7c05f720abfd39adc709b8bf8a8c7640e50505a9436a6ff0cf,0x00ba3037d968790ac486f70acaa9a1cab10cf5843bb85c986624b4d0e5a82e74,Nostra,0.013934189910699996,15229181.512948882,54,21,2,139,54
"Mar 22, 2026",0x066e6c4b3ff0c038485993ffeb7ff3b176cdf91ee52fb5a6113117874944e08f,0x05dbdedc203e92749e2e746e2d40a768d966bd243df04a6b712e222bc040a9af,Starknet ID,0.01332746548753042,13872050.004420867,1,1,0,1,1
"Mar 22, 2026",0x029fd83b01f02b45987dfb9652633cd0f1f64a0f36403ab1fed7bd99642fa474,0x0360f9786a6595137f84f2d6931aaec09ceec476a94a98dcad2bb092c6c06701,Nostra,0.013252325313961916,14507808.38676598,11,10,0,97,11
"Mar 22, 2026",0x076b533a863ea90cc391c5226ec5d5b6466bfeb0721d6c970d3b627a18de720d,0x05f296e1b9f4cf1ab452c218e72e02a8713cee98921dad2d3b5706235e128ee4,Nostra,0.011554040354799434,12648179.242557595,51,21,2,118,51
"Mar 22, 2026",0x0286355a41a2ab7f9233c864ed1f05ce629be19de5adc5274b9f117c4aae48b6,0x04d8bb956e6bd7a50fcb8b49d8e9fd8269cfadbeb73f457fd6d3fc1dff4b879e,Element Market,0.011393427442753016,12235485.405713968,6,6,6,6,6
"Mar 22, 2026",0x04f9849485e35f4a1c57d69b297feda94e743151f788202a6d731173babf4aec,0x07f232e7857effe04f7351e9bb2f1ebc2589bacca3380ae84efcc22067c1436e,Nostra,0.010183058041820946,10945478.136839429,22,6,0,118,22
"Mar 22, 2026",0x002e4fbe1c458eb6ec7a5b15d78674bb6fbfd5872aca0fe920d462bd6fb8ed0b,0x0577521a1f005bd663d0fa7f37f0dbac4d7f55b98791d280b158346d9551ff2b,Nostra,0.008067077703809438,8640965.550124556,2,2,0,12,2
"Mar 22, 2026",0x074aad3c412b1d7c05f720abfd39adc709b8bf8a8c7640e50505a9436a6ff0cf,0x0491480f21299223b9ce770f23a2c383437f9fbf57abc2ac952e9af8cdb12c97,Nostra,0.007497956157863803,8167581.154128842,53,21,0,134,53
"Mar 22, 2026",0x037d63129281c4c42cba74218c809ffc9e6f87ca74e0bdabb757a7f236ca59c3,0x0160d8fa4569ef6a12e6bf47cb943d7b5ebba8a41a69a14c1d943050ba5ff947,Re7 Labs,0.0068321230933681126,7504002.9423067765,1,1,1,3,1
"Mar 22, 2026",0x04f9849485e35f4a1c57d69b297feda94e743151f788202a6d731173babf4aec,0x0285aa1c4bbeef8a183fb7245f096ddc4c99c6b2fedd1c1af52a634c83842804,Nostra,0.006385241364345646,6847049.29981939,11,4,0,48,11
"Mar 22, 2026",0x029fd83b01f02b45987dfb9652633cd0f1f64a0f36403ab1fed7bd99642fa474,0x0735d0f09a4e8bf8a17005fa35061b5957dcaa56889fc75df9e94530ff6991ea,Nostra,0.005757805855221324,6234575.596429015,5,3,0,35,5
"Mar 22, 2026",0x029fd83b01f02b45987dfb9652633cd0f1f64a0f36403ab1fed7bd99642fa474,0x01fecadfe7cda2487c66291f2970a629be8eecdcb006ba4e71d1428c2b7605c7,Nostra,0.005325964625662365,5810677.0424213335,5,5,0,35,5
"Mar 22, 2026",0x04f9849485e35f4a1c57d69b297feda94e743151f788202a6d731173babf4aec,0x03d51776d3ce07c211d5dbdf40a9333ec6d6d3a0b2853de1d6706f9ea3b88d45,Nostra,0.005198115744779404,5588098.343334559,6,2,0,9,6
"Mar 22, 2026",0x04f9849485e35f4a1c57d69b297feda94e743151f788202a6d731173babf4aec,0x03f8c9062f1bfe45f82cd70ed97ff053bc5836783ec66adfe3288eb1b43aa83b,Nostra,0.0050488216472676425,5425483.599353276,6,2,0,11,6
"Mar 22, 2026",0x030cdf64bacc2779e2f207b3992de1c2e5036b9e87c22eb60319ae25f1a73077,0x01c9232b8186d9317652f05055615f18a120c2ad9e5ee96c39e031c257fb945b,Re7 Labs,0.0043745092617516555,4687846.77215248,1,1,1,1,1
"Mar 22, 2026",0x030cdf64bacc2779e2f207b3992de1c2e5036b9e87c22eb60319ae25f1a73077,0x04ce3024b0ee879009112d7b0e073f8a87153dd35b029347d4247ffe48d28f51,Re7 Labs,0.0042492465118160365,4553611.697354284,1,1,1,1,1
"Mar 22, 2026",0x03b6c6b615ff3df037d5fdad054b62ad89092149958b1500c1d281fd6f2fd14b,0x05a039ff36caf644c6f736c4afb82a7076904a99da4e3ff0a7da57b4017f8d39,Nostra,0.003815863736571944,4190784.8244759454,3,3,0,3,3
"Mar 22, 2026",0x074aad3c412b1d7c05f720abfd39adc709b8bf8a8c7640e50505a9436a6ff0cf,0x066037c083c33330a8460a65e4748ceec275bbf5f28aa71b686cbc0010e12597,Nostra,0.00376052232936469,4120506.2692642016,51,21,0,101,51
"Mar 22, 2026",0x029fd83b01f02b45987dfb9652633cd0f1f64a0f36403ab1fed7bd99642fa474,0x04f18ffc850cdfa223a530d7246d3c6fc12a5969e0aa5d4a88f470f5fe6c46e9,Nostra,0.0037605223293646897,4120506.2692642026,51,21,0,101,51
"Mar 22, 2026",0x05ad546a6c28eb16584335a4f717918199ffde7e722131ef518df23ec55a34d4,0x07b696af58c967c1b14c9dde0ace001720635a660a8e90c565ea459345318b30,Ekubo,0.0032966440077868914,3592119.8028598255,96,35,0,224,96
"Mar 22, 2026",0x07ad19eba012a12147cd91b475c22d75c47b6f59eb09ed18c27bb967477073ce,0x066e3e2ea2095b2a0424b9a2272e4058f30332df5ff226518d19c20d3ab8e842,Opus,0.0031652959922329423,3361091.3183018076,3,2,2,3,3
"Mar 22, 2026",0x03b6c6b615ff3df037d5fdad054b62ad89092149958b1500c1d281fd6f2fd14b,0x00365a0163903df975000160ff8f4480fda4d903c9d5a0643cd13908ecb41f28,Nostra,0.002167165282485981,2402637.981781099,1,1,0,2,1
"Mar 22, 2026",0x0231adde42526bad434ca2eb983efdd64472638702f87f97e6e3c084f264e06f,0x041a708cf109737a50baa6cbeb9adf0bf8d97112dc6cc80c7a458cbad35328b0,10kswap,0.0021290362755199683,2286362.0029500024,1,1,1,3,1
"Mar 22, 2026",0x0608417939ea23747b180be2919f543d4c94ee7a2759511f80bbdfc2ffed410e,0x07d83b8842d2074a31926a59e942e4f39f879cac52e0f7c28b77240301a8bb6d,Brove,0.0019094952722443447,2077304.659672509,2,1,0,2,2
"Mar 22, 2026",0x0386d92966f0908ded021f3959610dc52a605922387e0847df45832c046a79bd,0x0142af5b6c97f02cac9c91be1ea9895d855c5842825cb2180673796e54d73dc5,Nostra,0.0018802611646823448,2060253.1346321013,51,21,0,101,51
"Mar 22, 2026",0x076b533a863ea90cc391c5226ec5d5b6466bfeb0721d6c970d3b627a18de720d,0x005c4676bcb21454659479b3cd0129884d914df9c9b922c1c649696d2e058d70,Nostra,0.0018802611646823448,2060253.1346321008,51,21,0,101,51
"Mar 22, 2026",0x076b533a863ea90cc391c5226ec5d5b6466bfeb0721d6c970d3b627a18de720d,0x0514bd7ee8c97d4286bd481c54aa0793e43edbfb7e1ab9784c4b30469dcf9313,Nostra,0.0018802611646823446,2060253.1346321013,51,21,0,101,51
"Mar 22, 2026",0x06afa2f21a611f8b4a77ef681a9eb0c7cd6e52aa918e7f8b4b8142b4ca1bde49,0x01325caf7c91ee415b8df721fb952fa88486a0fc250063eafddd5d3c67867ce7,Nostra,0.0012908658309954335,1420860.5285602813,2,2,0,8,2
"Mar 22, 2026",0x03dc4b60695e8cd02ad357f4f6c7c3ee287adf145c1998b3c7d34dee41923ac6,0x0241b9c4ce12c06f49fee2ec7c16337386fa5185168f538a7631aacecdf3df74,Influence,0.0011447871107810254,1252724.1623750427,9,3,1,14,9
"Mar 22, 2026",0x076efa96ef2751327b7644a27add6147be009724e1ad9a2290e67a718c4b7903,0x043e447f2008d7c24267524b9858f793851381d90a8780c1b31d62500ae26009,Brove,0.0010872812131194024,1182833.1618400016,2,1,0,2,2
"Mar 22, 2026",0x038082dfcc9e1afd67eaabcb9b0cff0646237badf22a494bcfc72532c8fc2249,0x01aa950c9b974294787de8df8880ecf668840a6ab8fa8290bf2952212b375148,Jediswap,0.0009405613990898522,1020781.0652252323,19,12,0,68,19
"Mar 22, 2026",0x036225e72f257920de8a7334037e77fcef0c787f73a26e65a2a64f2fb82d6853,0x04619e9ce4109590219c5263787050726be63382148538f3f936c22aa87d2fc2,Nostra,0.0008540378783354099,943038.5656002571,9,4,0,19,9
"Mar 22, 2026",0x02e2b0572c84099a7eb50712f0e1ec944e68f388a236308dbf5c2e1108d05db5,0x03830e4eda8e20783529b5316c0469f6f471b72c89be5369fbd5246c77b21936,OnChainGM,0.0008020096887709604,869247.1843509189,1,1,1,1,1
"Mar 22, 2026",0x05ffbcfeb50d200a0677c48a129a11245a3fc519d1d98d76882d1c9a1b19c6ed,0x00585c32b625999e6e5e78645ff8df7a9001cf5cf3eb6b80ccdd16cb64bd3a34,zkLend,0.0006778253781949678,741444.7570235385,1,1,1,1,1
"Mar 22, 2026",0x0055373ed0e387ba6117b7bf65fa4a67af582f8de4e2a20cc75669d26ddb2df3,0x01c0a36e26a8f822e0d81f20a5a562b16a8f8a3dfd99801367dd2aea8f1a87a2,10kswap,0.0004347225155475435,471297.3250450643,15,15,0,15,15
"Mar 22, 2026",0x010151e4373357fabb6af76bb0801584cb4349979d0f4dfbf2138b332158dc2e,0x04369e47e647ab5fc4d36cee26590276b99a89a83fc3306462d21d366611fde3,Influence,0.0003391376333407755,369078.720434864,3,3,0,4,3
"Mar 22, 2026",0x0109d7fc56e18f8bc357ba6a39e8eb9c67ffd4eaf9dd0ae9caefd86e32c6f13d,0x07280a807c8b79379bec87919433b7b836b93a92e6d71b24ee99f4ffe33dd337,Influence,0.00017058795072358055,185723.18808193668,1,1,0,1,1
"Mar 22, 2026",0x03a076d5c163f505a7777bcc14ad1345ab93a4213125a8f3dbbe16f236e0be64,0x021bcb191263cd28357465f9388570465f330724fe2a9a085fb372c7356226dc,Dmail Network,0.00011558429185308517,123854.1629249519,1,1,0,1,1
"Mar 22, 2026",0x064de9531932fbfb3959d0ebccf9b513ec3f2231e4f83383968af1babe603ab6,0x02a93ef8c7679a5f9b1fcf7286a6e1cadf2e9192be4bcb5cb2d1b39062697527,Nostra,0.00005313087760851125,57789.25252124152,3,3,0,3,3
"Mar 21, 2026",0x06687c0fc694b797e8a33c286ecc5a0da59faa2703b36c209a4301a4ed74ea53,0x062da0780fae50d68cecaa5a051606dc21217ba290969b302db4dd99d2e9b470,Extended,1174.9646642329592,1266609279242.4832,67816,2704,103878,117134,6696
"Mar 21, 2026",0x00622e1d5971e4f99f8b3d6c9ed39738deebb61deea94acff22f70ebcc3537ef,0x06f7c4350d6d5ee926b3ac4fa0c9c351055456e75c92227468d84232fc493a9c,Loot Survivor,644.441743929705,696944127652.9623,33825,46,0,38963,23517
"Mar 21, 2026",0x04ad3c1dc8413453db314497945b6903e1c766495a1e60492d44da9c2a986e4b,0x04718f5a0fc34cc1af16a1cdee98ffb20c31f5cd61d6ab07201858f4287c938d,STRK Token,202.1425277774081,216434124228.28284,158675,1167,3079,246420,158675
"Mar 21, 2026",0x0429606f5203e9e5f43cfc2fb28023fafed24da6468ff7cf7b0d40b84c3db0bb,0x036017e69d21d6d8c13e266eabb73ef1f1d02722d86bdcabe5f168f8e549d3cd,Loot Survivor,148.3935366136089,160525608739.5122,23994,49,0,156298,23994
"Mar 21, 2026",0x055574645f135e0471a71bc1b33d72cea5d5c5072fac01b9822193681603722e,0x0127021a1b5a52d3174c2ab077c2b043c80369250d29428cee956d76ee51584f,AVNU,136.25391264235176,145079451733.1862,59456,36749,59456,59456,59456
"Mar 21, 2026",0x0340e435e91cfd5d1a5431783c7a1a995e92f435b717fe9012c1adf81c11cf77,0x01aa95ea66e7e01acf7dc3fda8be0d8661230c4c36b0169e2bab8ab4d6700dfc,Loot Survivor,134.2209688109645,143506480289.50418,8270,54,0,8271,8269
"Mar 21, 2026",0x0577604a2611c851e9cfc4da2ba7f7fc1d44a9327cc734d68b2b271340a6551c,0x00000005dd3d2f4429af886cd1a3b08289dbcea99a294197e9eb43b0e0325b4b,Ekubo,75.33322431442171,69972095731.25397,9698,579,1,62603,9698
"Mar 21, 2026",0x01098b83039193053357e04788e0849cb28a0d2af2d67de9e52123ef4d267eb4,0x046da8955829adf2bda310099a0063451923f02e648cf25a1203aac6335cf0e4,Loot Survivor,45.62092099536531,48850396148.61919,9448,77,2,188639,9448
"Mar 21, 2026",0x04d6370214accdaac8cc249db34a916c92464235b87cf03641a85889d2f6d8e7,0x02a85bd616f912537c50a49a4076db02c00b29b2cdc8a197ce92ed1837fa875b,Pragma,41.84498084638827,44105936580.52656,1012,171,619,26470,1012
"Mar 21, 2026",0x047f56c4572d11b6847e61de41cb268c3667b0d1b55e14aa183c8d802e5a72ac,0x0377c2d65debb3978ea81904e7d59740da1f07412e30d01c5ded1c5d6f1ddc43,Focus Tree,27.980835281073468,29790963595.197937,56327,34382,0,56446,56089
"Mar 21, 2026",0x0012276b8ff0f4c1f5c3a087ddc53a263fda97a5ee784f66bcda65467be5a98c,0x05aed2861d17a82b537528597f6710185088429b1c404bed9751518c87902cba,snapshotX,25.00599053609686,26963213151.223526,1528,1,0,3056,1528
"Mar 21, 2026",0x06982d79b2c1da29974bb766df7e642960ce61de0c4d6211adf1aa8a16ae32b6,0x051fea4450da9d6aee758bdeba88b2f665bcbf549d2c61421aa724e9ac0ced8f,Cartridge,23.877889627283583,25851803206.316666,30721,95,61442,122884,30721
"Mar 21, 2026",0x0743c83c41ce99ad470aa308823f417b2141e02e04571f5c0004e743556e7faf,0x015d9023ac1fbc6963c0ad84e3b98c47c6ff90def416e2c21f7b0da1759e4546,LootRealms,21.12011683015279,22979136505.1813,531,1,530,532,531
"Mar 21, 2026",0x0137a5970f752fd80649fb38d684b090decebec4f2853396617e4f2f01e5396a,0x0199741822c2dc722f6f605204f35e56dbc23bceed54818168c4c49e4fb8737e,Ekubo,20.338663844200997,21210574347.630333,7944,303,8325,20682,5969
"Mar 21, 2026",0x0432c02039833e1d0a937e8fbd472181579fbe068a2434dfea0420b3dd800502,0x029edbca81c979decd6ee02205127e8b10c011bca1d337141170095eba690931,Endur,16.35628813187055,17582035709.57229,534,45,300,12378,534
"Mar 21, 2026",0x07f162ee6baa4816cea0e2f25fa6ae0966618355bd752ecde6766e60815621f0,0x04270219d365d6b017231b52e92b3fb5d7c8378b05e9abc97724537a80e93b0f,AVNU,11.085778658638075,11786567955.965704,2091,293,1317,5351,2091
"Mar 21, 2026",0x0182dfcf12cf38789f5937a1b920f0513195131a408716224ac8273f371d9d0a,0x049ff5b3a7d38e2b50198f408fa8281635b5bc81ee49ab87ac36c8324c214427,Nostra,10.636975978064326,10554439178.735826,537,173,14,560,537
"Mar 21, 2026",0x002e4fbe1c458eb6ec7a5b15d78674bb6fbfd5872aca0fe920d462bd6fb8ed0b,0x01a2de9f2895ac4e6cb80c11ecc07ce8062a4ae883f64cb2b1dc6724b85e897d,Nostra,5.172252163478401,5350524617.673357,93,51,1,470,93
"Mar 21, 2026",0x020c69ca2574ce216956b19150f84980b42c3274a9fa1599f32e98df590b9fe8,0x05d07d9f64be843eb189f898200ab5ed66663d2db5523ce6f90b43654462ee66,Jokers of Neon,4.379576843125027,4627491023.68144,1212,5,1213,1213,1209
"Mar 21, 2026",0x0306288971002bd7906e3a607d504dfb28dcbdc7655a115984e567dce3b67e8f,0x024a55b928496ef83468fdb9a5430fe031ac386b8f62f5c2eb7dd20ef7237415,Pragma,4.113393534585259,4435281107.642362,608,6,0,23882,608
"Mar 21, 2026",0x002e4fbe1c458eb6ec7a5b15d78674bb6fbfd5872aca0fe920d462bd6fb8ed0b,0x042543c7d220465bd3f8f42314b51f4f3a61d58de3770523b281da61dbf27c8a,Nostra,3.9727357065720876,3923705457.656055,133,68,1,750,133
"Mar 21, 2026",0x07e7b6448b503b61d9bdaa834fd647d2e2ed58d01187a9d894e1ec8e6445f3cd,0x0422d33a3638dcc4c62e72e1d6942cd31eb643ef596ccac2351e0e21f6cd4bf4,Influence,3.9072934160723802,4278974844.841012,417,11,429,910,342
"Mar 21, 2026",0x0131e8a1b84559246f3743584740446c28f7fd885d5859d63d2883d1002d80ba,0x043e4f09c32d13d43a880e85f69f7de93ceda62d6cf2581a582c6db635548fdc,Ekubo,2.969979944549574,3183091520.8307476,858,211,0,2773,858
"Mar 21, 2026",0x05811dfbc1f38392aa3e9580178ee2b5bf48fe9ee421ba709625e447d51bfe76,0x005e470ff654d834983a46b8f29dfa99963d5044b993cb7b9c92243a69dab38f,Ekubo,2.0781119413375744,2241503964.2313437,521,158,0,1208,521
"Mar 21, 2026",0x00c12f7c0a0bf73e3675345a8d28d26c83db3b13605f2aa33cba8344a0f582b5,0x02e0af29598b407c8716b17f6d2795eca1b471413fa03fb145a5e33722184067,Ekubo,1.6466189264149096,1740386613.145172,251,35,93,1613,251
"Mar 21, 2026",0x002e4fbe1c458eb6ec7a5b15d78674bb6fbfd5872aca0fe920d462bd6fb8ed0b,0x05e03162008d76cf645fe53c6c13a7a5fce745e8991c6ffe94400d60e44c210a,Nostra,1.1685506761851232,1056756301.0740348,19,12,0,138,19
"Mar 21, 2026",0x0743c83c41ce99ad470aa308823f417b2141e02e04571f5c0004e743556e7faf,0x02e4727dfc9f4a6a0c8cee69c6987f487637ccd5e220808fd975bf267cf70431,LootRealms,1.1133055862588577,1198380717.262637,121,1,121,121,121
"Mar 21, 2026",0x02517d8839beef1dd5c901257cc01530dfff37bad76b72fea8c8985bf11125ca,0x016f9def00daef9f1874dd932b081096f50aec2fe61df31a81bc5707a7522443,Loot Survivor,1.0099512979736287,1082441643.4117842,2653,45,0,2669,2653
"Mar 21, 2026",0x002e4fbe1c458eb6ec7a5b15d78674bb6fbfd5872aca0fe920d462bd6fb8ed0b,0x01583919ffd78e87fa28fdf6b6a805fe3ddf52f754a63721dcd4c258211129a6,Nostra,0.9996787371009519,931086563.2426734,16,9,0,76,16
"Mar 21, 2026",0x0261e2522908ec7d5fde00d3c0f83c90ec9caa1f3d12cd5be913e2ce55dcf8cb,0x03704c751314e87f871e63bfbaf2e43db895fc51b7d4c967cd3082e21a1d629f,Ejara,0.8936353340050186,940799405.6825575,1256,1,1256,1256,1256
"Mar 21, 2026",0x05ac1d8735a2db9dc798b4ac457357d2b36559aa7a174e84f7ec88654d123f26,0x0103eafe79f8631932530cc687dfcdeb013c883a82619ebf81be393e2953a87a,Loot Survivor,0.835405621095734,901413535.7866714,95,37,8,149,95
"Mar 21, 2026",0x04b1651ce08651a821bcb548f0d0a8a824b92959081e80e258b3a2b5094ca3f0,0x06b734db9fd1244f26622204a89dc6e212620f1413ec8cbc46f2c0bb53fc7deb,Starknet,0.7916401590882968,846474838.0912871,90,1,90,90,90
"Mar 21, 2026",0x072ddc6cc22fb26453334e9cf1cbb92f12d2946d058e2b2b571c65d0f23d6516,0x02cb02c72e8a0975e69e88298443e984d965a49eab38f5bdde1f5072daa09cfe,Starknet Staking,0.786272744264491,841356979.5834315,250,130,111,271,250
"Mar 21, 2026",0x02517d8839beef1dd5c901257cc01530dfff37bad76b72fea8c8985bf11125ca,0x029023e0a455d19d6887bc13727356070089527b79e6feb562ffe1afd6711dbe,Loot Survivor,0.7603950023346239,812771734.9739867,1685,38,0,1715,1685
"Mar 21, 2026",0x062c6e1d7bd892e63a3514c672e9cfe63bfb647fac4eccc54517f135c25750ee,0x000d8d6dfec4d33bfb6895de9f3852143a17c6f92fd2a21da3d6924d34870160,Vesu,0.7551673035234739,792002956.2421874,91,7,0,91,91
"Mar 21, 2026",0x05d1b28890a519dcbb350bd0e422627299243921103cead25960d70b9b73f4fc,0x057b14a4231b82f1e525ff35a722d893ca3dd2bde0baa6cee97937c5be861dbc,atomiq.exchange,0.659979565229603,711039154.4590055,139,2,134,139,139
"Mar 21, 2026",0x02517d8839beef1dd5c901257cc01530dfff37bad76b72fea8c8985bf11125ca,0x049eaed2a1ba2f2eb6ac2661ffd2d79231cdd7d5293d9448df49c5986c9897ae,Loot Survivor,0.5877028155779106,631748885.823739,767,39,0,777,767
"Mar 21, 2026",0x0358663e6ed9d37efd33d4661e20b2bad143e0f92076b0c91fe65f31ccf55046,0x073314940630fd6dcda0d772d4c972c4e0a9946bef9dabf4ef84eda8ef542b82,StarkGate,0.5823466911672484,34043885.242929615,14,7,11,11,11
"Mar 21, 2026",0x04e40639b8104b510a4522442ca55e7029406e5cdb140707f78ee82e98599b9f,0x01c3c8284d7eed443b42f47e764032a56eaf50a9079d67993b633930e3689814,Loot Survivor,0.4831819564341773,516721634.3010307,156,39,8,234,156
"Mar 21, 2026",0x0242c26b828af0e6dbef60b84e300a257c81c990c52cf0486a39c061e701e23a,0x06428ec3221f369792df13e7d59580902f1bfabd56a81d30224f4f282ba380cd,Opus,0.4481171184426778,484601511.2283499,40,2,0,714,40
"Mar 21, 2026",0x02517d8839beef1dd5c901257cc01530dfff37bad76b72fea8c8985bf11125ca,0x016dea82a6588ca9fb7200125fa05631b1c1735a313e24afe9c90301e441a796,Loot Survivor,0.4230620618061944,452016304.71858394,404,33,0,412,404
"Mar 21, 2026",0x01a736d6ed154502257f02b1ccdf4d9d1089f80811cd6acad48e6b6a9d1f2003,0x019252b1deef483477c4d30cfcc3e5ed9c82fafea44669c182a45a01b4fdb97a,Layerswap,0.3097946687346384,331605266.1186262,302,1,0,604,302
"Mar 21, 2026",0x037ee302be6f4e4f166c90662fa346241667da86d6690d7704d96b790eb796cf,0x0498edfaf50ca5855666a700c25dd629d577eb9afccdf3b5977aec79aee55ada,Opus,0.29076120102158237,314837401.98651785,165,19,3,2595,165
"Mar 21, 2026",0x03a4008a3e868c3545b61a38b054f054c22a9c8f242eeeaa536c7d9c2226694b,0x059a943ca214c10234b9a3b61c558ac20c005127d183b86a99a8f3c60a08b4ff,Nostra,0.2639235071642436,277270724.120543,51,23,0,698,51
"Mar 21, 2026",0x078e647e45d1d01f6af14124f5dcc58fccc3a3c888d97169e321e2fbe5488436,0x073f6addc9339de9822cab4dac8c9431779c09077f02ba7bc36904ea342dd9eb,Nostra,0.22244969677530743,236008734.02159673,53,25,0,145,53
"Mar 21, 2026",0x0358663e6ed9d37efd33d4661e20b2bad143e0f92076b0c91fe65f31ccf55046,0x05cd48fccbfd8aa2773fe22c217e808319ffcc1c5a6a463f7d8fa2da48218196,StarkGate,0.20893149532076782,26999509.71425124,4,4,1,5,4
"Mar 21, 2026",0x02eb0fc47912fe0997d82d8c66aad672cfd8b3ec56161d42e3059c3443603f71,0x0359550b990167afd6635fa574f3bdadd83cb51850e1d00061fe693158c23f80,Jediswap,0.1808043399118985,187479000.36853313,10,10,0,22,10
"Mar 21, 2026",0x0514718bb56ed2a8607554c7d393c2ffd73cbab971c120b00a2ce27cc58dd1c1,0x07a6f98c03379b9513ca84cca1373ff452a7462a3b61598f0af5bb27ad7f76d1,10kswap,0.16863035979217683,167385697.3675969,132,85,8,133,132
"Mar 21, 2026",0x05f06dcb8ef65dd934ba261e6f5ddc03ad3707a028236289feef4ef451f01a52,0x028d709c875c0ceac3dce7065bec5328186dc89fe254527084d1689910954b0a,Endur,0.16353404680820494,174735532.2804692,88,19,16,441,88
"Mar 21, 2026",0x04f9849485e35f4a1c57d69b297feda94e743151f788202a6d731173babf4aec,0x068400056dccee818caa7e8a2c305f9a60d255145bac22d6c5c9bf9e2e046b71,Nostra,0.16035468194288455,167053098.54923108,193,96,0,732,193
"Mar 21, 2026",0x01b2df6d8861670d4a8ca4670433b2418d78169c2947f46dc614e69f333745c8,0x02ceed65a4bd731034c01113685c831b01c15d7d432f71afb1cf1634b53a2125,Universal Deployer,0.14751986225476113,158679056.49971783,311,17,368,368,254
"Mar 21, 2026",0x037d63129281c4c42cba74218c809ffc9e6f87ca74e0bdabb757a7f236ca59c3,0x04ce3024b0ee879009112d7b0e073f8a87153dd35b029347d4247ffe48d28f51,Re7 Labs,0.12257859029569758,127655570.84130266,14,1,14,26,14
"Mar 21, 2026",0x0743c83c41ce99ad470aa308823f417b2141e02e04571f5c0004e743556e7faf,0x00594d857f23ba0bb3b5820b2f24af943be6102d73b92228f8ac60f9ab364f36,LootRealms,0.11915807488928018,128581963.57384548,2,1,2,2,2
"Mar 21, 2026",0x0358663e6ed9d37efd33d4661e20b2bad143e0f92076b0c91fe65f31ccf55046,0x0594c1582459ea03f77deaf9eb7e3917d6994a03c13405ba42867f83d85f085d,StarkGate,0.11809766397525623,3542585.5984648596,4,2,2,3,3
"Mar 21, 2026",0x04f9849485e35f4a1c57d69b297feda94e743151f788202a6d731173babf4aec,0x07ae43abf704f4981094a4f3457d1abe6b176844f6cdfbb39c0544a635ef56b0,Nostra,0.10811971032576335,113153241.8055291,123,75,0,520,123
"Mar 21, 2026",0x009f9205f50528a4c6308c69c675c14e65f31c72b1f7f1d2375d04fae1eec546,0x0124aeb495b947201f5fac96fd1138e326ad86195b98df6dec9009158a533b49,Eternum,0.1018317049146268,109389037.18961668,123,41,10,898,123
"Mar 21, 2026",0x05ffbcfeb50d200a0677c48a129a11245a3fc519d1d98d76882d1c9a1b19c6ed,0x075afe6402ad5a5c20dd25e10ec3b3986acaa647b77e4ae24b0cbc9a54a27a87,Ekubo,0.10090924420813221,89664941.75228351,392,172,11,1751,392
"Mar 21, 2026",0x0231adde42526bad434ca2eb983efdd64472638702f87f97e6e3c084f264e06f,0x000023c72abdf49dffc85ae3ede714f2168ad384cc67d08524732acea90df325,10kswap,0.09578388529735288,97000521.31034443,47,27,5,95,47
"Mar 21, 2026",0x0337f32bd5fccef2b67d2c620a8d31abccd5960c37f0c0b58d5e5327fac7e6b7,0x0038925b0bcf4dce081042ca26a96300d9e181b910328db54a6c89e5451503f5,Haiko,0.08230372019203654,88541477.01053536,1,1,0,19,1
"Mar 21, 2026",0x0743c83c41ce99ad470aa308823f417b2141e02e04571f5c0004e743556e7faf,0x062d69c12007e40bd6689499829bf5ed56a5908ce307bc5bd614fc50f299333b,LootRealms,0.08166860381698528,88351145.00944996,2,1,1,3,2
"Mar 21, 2026",0x0372f78538763e8bc8d8b00e78f7f3632e373f315c963324442a139007d7c1ba,0x05b4ff547559e1b0681e8f62a0d420f83009a6491f4927f3f158b932abff5f7f,POW!,0.08152579079151102,89449095.08620441,92,1,0,133,9
"Mar 21, 2026",0x037d63129281c4c42cba74218c809ffc9e6f87ca74e0bdabb757a7f236ca59c3,0x01248e385c23a929a015ec298a26560fa7745bbd6e41a886550e337b02714b1b,Re7 Labs,0.08149188898870381,86330356.4735424,13,1,13,21,13
"Mar 21, 2026",0x07d932bada070262a966bf3bdbd41fecf4d69d9c00c03e674d92d69b2dc7a022,0x00c318445d5a5096e2ad086452d5c97f65a9d28cafe343345e0fa70da0841295,Nostra,0.0708124608804265,74802286.57896836,11,11,0,56,11
"Mar 21, 2026",0x074aad3c412b1d7c05f720abfd39adc709b8bf8a8c7640e50505a9436a6ff0cf,0x024e9b0d6bc79e111e6872bb1ada2a874c25712cf08dfc5bcf0de008a7cca55f,Nostra,0.06878614588971518,71975403.74138285,32,18,1,151,32
"Mar 21, 2026",0x037d63129281c4c42cba74218c809ffc9e6f87ca74e0bdabb757a7f236ca59c3,0x01c9232b8186d9317652f05055615f18a120c2ad9e5ee96c39e031c257fb945b,Re7 Labs,0.0665388182551788,71168780.71458773,14,1,14,22,14
"Mar 21, 2026",0x07fe6c3f183b4ecd4f644ed472df2c5ec3e15a3c90d92988a1f8cd5ffda56266,0x02ffce9d48390d497f7dfafa9dfd22025d9c285135bcc26c955aea8741f081d2,Haiko,0.05766338609670975,62033664.60858296,1,1,0,1,1
"Mar 21, 2026",0x029fd83b01f02b45987dfb9652633cd0f1f64a0f36403ab1fed7bd99642fa474,0x057146f6409deb4c9fa12866915dd952aa07c1eb2752e451d7f3b042086bdeb8,Nostra,0.05738169608043542,61038163.87766473,28,16,7,88,28
"Mar 21, 2026",0x029fd83b01f02b45987dfb9652633cd0f1f64a0f36403ab1fed7bd99642fa474,0x05dcd26c25d9d8fd9fc860038dcb6e4d835e524eb8a85213a8cda5b7fff845f6,Nostra,0.053297776374016635,56540225.38923178,32,18,5,85,32
"Mar 21, 2026",0x00757b0a734118b77ca0ef8298c904dc4d6dd1112a74b89f762e64578c5dd61e,0x07558a9da2fac57f5a4381fef8c36c92ca66adc20978063982382846f72a4448,Opus,0.0519951936631872,55949076.709721334,48,1,48,48,48
"Mar 21, 2026",0x0358663e6ed9d37efd33d4661e20b2bad143e0f92076b0c91fe65f31ccf55046,0x074761a8d48ce002963002becc6d9c3dd8a2a05b1075d55e5967f42296f16bd0,StarkGate,0.04941117117821106,1596250.1676581935,1,1,1,1,1
"Mar 21, 2026",0x022837e805f6ebd2fc819b38d17dba57f07d4ff2ac3e931afba60393dc1ef7c3,0x04dd39de0a588f5e1c7a8377e1bef2c49caaee49a11433429d2c48f587b3a492,ForgeYields,0.04920998321141294,51714130.35803306,3,2,2,7,3
"Mar 21, 2026",0x04f9849485e35f4a1c57d69b297feda94e743151f788202a6d731173babf4aec,0x05ef8800d242c5d5e218605d6a10e81449529d4144185f95bf4b8fb669424516,Nostra,0.04776396363010472,50364478.29670511,38,18,0,109,38
"Mar 21, 2026",0x0655ed27f19070cdbc6815b1eabb10653e03564a4ec83df289d464b9a111fdec,0x050707bc3b8730022f10530c2c6f6b9467644129c50c2868ad0036c5e4e9e616,ForgeYields,0.04508662152261053,48736996.81441544,2,1,2,2,2
"Mar 21, 2026",0x03836d91365026d9b4a91ca788e1c3551fa2b222e5ece5bf445e8d66c9c56766,0x067eb1988556edd7543a3c9ee24cc078be35fd49f0b7f264cc0434aeb6dfb09e,StarkGate,0.04450991845589006,1235754.8727858295,1,1,0,1,1
"Mar 21, 2026",0x029fd83b01f02b45987dfb9652633cd0f1f64a0f36403ab1fed7bd99642fa474,0x0453c4c996f1047d9370f824d68145bd5e7ce12d00437140ad02181e1d11dc83,Nostra,0.04200886272084219,44376878.34370971,32,18,3,93,32
"Mar 21, 2026",0x0684028bba86bf6c2b979f3d6ad2cfcc07943cff5bfa31368e4b65b4c6a554c8,0x07fdcec0cef01294c9c3d52415215949805c77bae8003702a7928fd6d2c36bc1,ForgeYields,0.04191770792346461,44296860.9326796,2,1,2,2,2
"Mar 21, 2026",0x074aad3c412b1d7c05f720abfd39adc709b8bf8a8c7640e50505a9436a6ff0cf,0x00ba3037d968790ac486f70acaa9a1cab10cf5843bb85c986624b4d0e5a82e74,Nostra,0.04121311479218759,45104537.96060608,28,16,1,88,28
"Mar 21, 2026",0x0743c83c41ce99ad470aa308823f417b2141e02e04571f5c0004e743556e7faf,0x041845afb6e2b85adbd473941344c8ab017914977280fe8d9b724b27822458e1,LootRealms,0.037763670149778446,42232324.55575779,12,1,0,24,12
"Mar 21, 2026",0x03836d91365026d9b4a91ca788e1c3551fa2b222e5ece5bf445e8d66c9c56766,0x0616757a151c21f9be8775098d591c2807316d992bbc3bb1a5c1821630589256,StarkGate,0.0358494341932283,997947.2007452259,1,1,1,1,1
"Mar 21, 2026",0x074aad3c412b1d7c05f720abfd39adc709b8bf8a8c7640e50505a9436a6ff0cf,0x063d69ae657bd2f40337c39bf35a870ac27ddf91e6623c2f52529db4c1619a51,Nostra,0.029996038108177345,31659562.852656037,32,18,4,121,32
"Mar 21, 2026",0x010999af7972d4e1cff67953bb407dd1401052534c268d4600cf7f302cca9e88,0x00c530f2c0aa4c16a0806365b0898499fba372e5df7a7172dc6fe9ba777e8007,Nostra,0.028098100072536183,29505450.754502933,42,30,8,342,42
"Mar 21, 2026",0x037d63129281c4c42cba74218c809ffc9e6f87ca74e0bdabb757a7f236ca59c3,0x0351b36d0d9d8b40010658825adeeddb1397436cd41acd0ff6c6e23aaa8b5b30,Re7 Labs,0.025073139737601575,26341478.592808917,1,1,1,3,1
"Mar 21, 2026",0x03b6c6b615ff3df037d5fdad054b62ad89092149958b1500c1d281fd6f2fd14b,0x04b64b2f861d2ac56cee58a02d8474d83dc16cc84ecd8d3ef2024f70aed92378,Nostra,0.024775770858840702,26040732.34035717,20,12,0,20,20
"Mar 21, 2026",0x0608417939ea23747b180be2919f543d4c94ee7a2759511f80bbdfc2ffed410e,0x07d83b8842d2074a31926a59e942e4f39f879cac52e0f7c28b77240301a8bb6d,Brove,0.02357755033340732,25379393.33342621,16,5,1,16,16
"Mar 21, 2026",0x00af217ac88042025de06ba64d713509e287c4bab56234826083432e2ec58a52,0x05bc1c8a78667fac3bf9617903dbf2c1bfe3937e1d37ada3d8b86bf70fb7926e,Opus,0.01919439171301665,20750386.66842287,37,1,0,37,37
"Mar 21, 2026",0x00af217ac88042025de06ba64d713509e287c4bab56234826083432e2ec58a52,0x02d1e95661e7726022071c06a95cdae092595954096c373cde24a34bb3984cbf,Opus,0.01919439171301665,20750386.668422867,37,1,0,37,37
"Mar 21, 2026",0x00af217ac88042025de06ba64d713509e287c4bab56234826083432e2ec58a52,0x031a96fe18fe3fdab28822c82c81471f1802800723c8f3e209f1d9da53bc637d,Opus,0.01872730935374142,20294929.162508227,38,1,0,39,38
"Mar 21, 2026",0x00af217ac88042025de06ba64d713509e287c4bab56234826083432e2ec58a52,0x0315ce9c5d3e5772481181441369d8eea74303b9710a6c72e3fcbbdb83c0dab1,Opus,0.017594859070265256,19021187.779387627,37,1,0,37,37
"Mar 21, 2026",0x03b6c6b615ff3df037d5fdad054b62ad89092149958b1500c1d281fd6f2fd14b,0x002bebc40e96b6f2247cc1992d720aed76d9edd7ee9c68cc949deea54defb965,Nostra,0.016736393427668823,17684845.551112797,13,7,0,13,13
"Mar 21, 2026",0x076efa96ef2751327b7644a27add6147be009724e1ad9a2290e67a718c4b7903,0x043e447f2008d7c24267524b9858f793851381d90a8780c1b31d62500ae26009,Brove,0.016260575003958107,17688278.92900523,17,3,3,17,17
"Mar 21, 2026",0x0286355a41a2ab7f9233c864ed1f05ce629be19de5adc5274b9f117c4aae48b6,0x04d8bb956e6bd7a50fcb8b49d8e9fd8269cfadbeb73f457fd6d3fc1dff4b879e,Element Market,0.015515470066702626,17350933.560705308,7,7,7,7,7
"Mar 21, 2026",0x0079c62b9e8e26527d1cfd9721e4bbe82a181212d8c4ce0bd9ef36214fe53653,0x04d0bb0a4c40012384e7c419e6eb3c637b28e8363fb66958b60d90505b9c072f,Opus,0.01454617601656717,15039993.157650486,3,1,3,3,2
"Mar 21, 2026",0x029fd83b01f02b45987dfb9652633cd0f1f64a0f36403ab1fed7bd99642fa474,0x0360f9786a6595137f84f2d6931aaec09ceec476a94a98dcad2bb092c6c06701,Nostra,0.014037886991628282,14780435.68882243,12,7,0,84,12
"Mar 21, 2026",0x06e76eff72707fe9cd5d89b266532909fcac5196cc7500cc3eb5ffc77b4454a7,0x01f083b98674bc21effee29ef443a00c7b9a500fd92cf30341a3da12c73f2324,Troves,0.01298386195065536,14067622.626213681,1,1,0,2,1
"Mar 21, 2026",0x029fd83b01f02b45987dfb9652633cd0f1f64a0f36403ab1fed7bd99642fa474,0x05b7d301fa769274f20e89222169c0fad4d846c366440afc160aafadd6f88f0c,Nostra,0.012665819235210757,14017069.023939775,27,16,1,38,27
"Mar 21, 2026",0x04f9849485e35f4a1c57d69b297feda94e743151f788202a6d731173babf4aec,0x03f8c9062f1bfe45f82cd70ed97ff053bc5836783ec66adfe3288eb1b43aa83b,Nostra,0.012652443412129304,13291987.828415439,13,2,0,18,13
"Mar 21, 2026",0x04f9849485e35f4a1c57d69b297feda94e743151f788202a6d731173babf4aec,0x03d51776d3ce07c211d5dbdf40a9333ec6d6d3a0b2853de1d6706f9ea3b88d45,Nostra,0.012285191919671628,12896657.788232628,13,2,0,16,13
"Mar 21, 2026",0x04f9849485e35f4a1c57d69b297feda94e743151f788202a6d731173babf4aec,0x07f232e7857effe04f7351e9bb2f1ebc2589bacca3380ae84efcc22067c1436e,Nostra,0.012005312575189013,12421472.706070947,20,15,0,94,20
"Mar 21, 2026",0x04f9849485e35f4a1c57d69b297feda94e743151f788202a6d731173babf4aec,0x05ae9c593b2bef20a8d69ae7abf1e6da551481f9efd83d03a9f05b6d7c9a78ec,Nostra,0.011688312265125006,12160435.22902687,18,17,0,85,18
"Mar 21, 2026",0x029fd83b01f02b45987dfb9652633cd0f1f64a0f36403ab1fed7bd99642fa474,0x002fc2d4b41cc1f03d185e6681cbd40cced61915d4891517a042658d61cba3b1,Nostra,0.011156449544618394,11812154.411358826,10,7,0,70,10
"Mar 21, 2026",0x05ad546a6c28eb16584335a4f717918199ffde7e722131ef518df23ec55a34d4,0x07b696af58c967c1b14c9dde0ace001720635a660a8e90c565ea459345318b30,Ekubo,0.010214065874767643,10773916.51863933,251,35,1,539,251
"Mar 21, 2026",0x029fd83b01f02b45987dfb9652633cd0f1f64a0f36403ab1fed7bd99642fa474,0x01fecadfe7cda2487c66291f2970a629be8eecdcb006ba4e71d1428c2b7605c7,Nostra,0.008994282247315846,9622206.145752676,8,8,0,56,8
"Mar 21, 2026",0x03b6c6b615ff3df037d5fdad054b62ad89092149958b1500c1d281fd6f2fd14b,0x00d8621fa1f45928c462a6db8e78b5a4bb09b6032ba2344707204757cc2adfe3,Nostra,0.008583789492472195,9050803.569965614,7,5,0,7,7
"Mar 21, 2026",0x0231adde42526bad434ca2eb983efdd64472638702f87f97e6e3c084f264e06f,0x017e9e62c04b50800d7c59454754fe31a2193c9c3c6c92c093f2ab0faadf8c87,10kswap,0.0073094191030062235,7384401.271599028,9,9,0,18,9
"Mar 21, 2026",0x03b6c6b615ff3df037d5fdad054b62ad89092149958b1500c1d281fd6f2fd14b,0x05a039ff36caf644c6f736c4afb82a7076904a99da4e3ff0a7da57b4017f8d39,Nostra,0.006423502153050266,6891860.713932793,5,2,0,5,5
"Mar 21, 2026",0x04f9849485e35f4a1c57d69b297feda94e743151f788202a6d731173babf4aec,0x052b136b37a7e6ea52ce1647fb5edc64efe23d449fc1561d9994a9f8feaa6753,Nostra,0.0053289370289929475,5534735.12118585,7,7,0,40,7
"Mar 21, 2026",0x07ad19eba012a12147cd91b475c22d75c47b6f59eb09ed18c27bb967477073ce,0x066e3e2ea2095b2a0424b9a2272e4058f30332df5ff226518d19c20d3ab8e842,Opus,0.004107153117654757,4290236.328985561,1,1,0,2,1
"Mar 21, 2026",0x030cdf64bacc2779e2f207b3992de1c2e5036b9e87c22eb60319ae25f1a73077,0x02bcaef2eb7706875a5fdc6853dd961a0590f850bc3a031c59887189b5e84ba1,Re7 Labs,0.0037783936601790426,4135173.3318176647,1,1,1,1,1
"Mar 21, 2026",0x052a9ba5a266efdf81e72d57927d45d32b2cd4ed9e01743a7d58bc1ce406cb3f,0x000a5e1c1ffe1384b30a464a61b1af631e774ec52c0e7841b9b5f02c6a729bc0,Opus,0.0034317936807830678,3859958.7068691077,2,1,0,4,2
"Mar 21, 2026",0x076b533a863ea90cc391c5226ec5d5b6466bfeb0721d6c970d3b627a18de720d,0x05f296e1b9f4cf1ab452c218e72e02a8713cee98921dad2d3b5706235e128ee4,Nostra,0.0026948846707713736,2789001.541192725,28,17,1,30,28
"Mar 21, 2026",0x0231adde42526bad434ca2eb983efdd64472638702f87f97e6e3c084f264e06f,0x041a708cf109737a50baa6cbeb9adf0bf8d97112dc6cc80c7a458cbad35328b0,10kswap,0.002285458451182515,2298740.7059661257,1,1,1,3,1
"Mar 21, 2026",0x04f9849485e35f4a1c57d69b297feda94e743151f788202a6d731173babf4aec,0x0285aa1c4bbeef8a183fb7245f096ddc4c99c6b2fedd1c1af52a634c83842804,Nostra,0.0016753564853530095,1737814.2706386736,3,2,0,16,3
"Mar 21, 2026",0x074aad3c412b1d7c05f720abfd39adc709b8bf8a8c7640e50505a9436a6ff0cf,0x0491480f21299223b9ce770f23a2c383437f9fbf57abc2ac952e9af8cdb12c97,Nostra,0.0016568573211906666,1788829.964047897,27,16,0,34,27
"Mar 21, 2026",0x073073a6c4b631f49e199e963259398baf150db99bfc15846f43163ec09381c4,0x050ed6ab03aef492cd062e25facf40ceef63294c53d12b514226f8fb4753266e,Ekubo,0.0016429713143840516,1678787.1082872169,2,1,0,2,2
"Mar 21, 2026",0x038082dfcc9e1afd67eaabcb9b0cff0646237badf22a494bcfc72532c8fc2249,0x01aa950c9b974294787de8df8880ecf668840a6ab8fa8290bf2952212b375148,Jediswap,0.0014925445637607403,1549848.3692476002,24,23,0,72,24
"Mar 21, 2026",0x027bb37f5b8cbf4fd29f1042f5574e6b6faeda9951bad9571b54af56887966b7,0x06ac597f8116f886fa1c97a23fa4e08299975ecaf6b598873ca6792b9bbfb678,Starknet ID,0.0014695390947284317,1608090.9145463274,1,1,1,1,1
"Mar 21, 2026",0x076b533a863ea90cc391c5226ec5d5b6466bfeb0721d6c970d3b627a18de720d,0x06eda767a143da12f70947192cd13ee0ccc077829002412570a88cd6539c1d85,Nostra,0.001110078189885454,1217382.1531735498,1,1,0,3,1
"Mar 21, 2026",0x029fd83b01f02b45987dfb9652633cd0f1f64a0f36403ab1fed7bd99642fa474,0x04f18ffc850cdfa223a530d7246d3c6fc12a5969e0aa5d4a88f470f5fe6c46e9,Nostra,0.0010092066685169615,1065482.3577790211,27,16,0,27,27
"Mar 21, 2026",0x074aad3c412b1d7c05f720abfd39adc709b8bf8a8c7640e50505a9436a6ff0cf,0x066037c083c33330a8460a65e4748ceec275bbf5f28aa71b686cbc0010e12597,Nostra,0.0010092066685169615,1065482.3577790211,27,16,0,27,27
"Mar 21, 2026",0x029fd83b01f02b45987dfb9652633cd0f1f64a0f36403ab1fed7bd99642fa474,0x0735d0f09a4e8bf8a17005fa35061b5957dcaa56889fc75df9e94530ff6991ea,Nostra,0.0009892794820585244,1104905.773388406,1,1,0,7,1
"Mar 21, 2026",0x02e2b0572c84099a7eb50712f0e1ec944e68f388a236308dbf5c2e1108d05db5,0x03830e4eda8e20783529b5316c0469f6f471b72c89be5369fbd5246c77b21936,OnChainGM,0.0008653793792422451,946989.6716540462,1,1,1,1,1
"Mar 21, 2026",0x066e6c4b3ff0c038485993ffeb7ff3b176cdf91ee52fb5a6113117874944e08f,0x05dbdedc203e92749e2e746e2d40a768d966bd243df04a6b712e222bc040a9af,Starknet ID,0.0006126991691398231,684850.3515060872,2,2,0,2,2
"Mar 21, 2026",0x076b533a863ea90cc391c5226ec5d5b6466bfeb0721d6c970d3b627a18de720d,0x0514bd7ee8c97d4286bd481c54aa0793e43edbfb7e1ab9784c4b30469dcf9313,Nostra,0.0005046033342584808,532741.1788895106,27,16,0,27,27
"Mar 21, 2026",0x076b533a863ea90cc391c5226ec5d5b6466bfeb0721d6c970d3b627a18de720d,0x044debfe17e4d9a5a1e226dabaf286e72c9cc36abbe71c5b847e669da4503893,Nostra,0.0005046033342584808,532741.1788895105,27,16,0,27,27
"Mar 21, 2026",0x0386d92966f0908ded021f3959610dc52a605922387e0847df45832c046a79bd,0x0142af5b6c97f02cac9c91be1ea9895d855c5842825cb2180673796e54d73dc5,Nostra,0.0005046033342584808,532741.1788895106,27,16,0,27,27
"Mar 21, 2026",0x076b533a863ea90cc391c5226ec5d5b6466bfeb0721d6c970d3b627a18de720d,0x005c4676bcb21454659479b3cd0129884d914df9c9b922c1c649696d2e058d70,Nostra,0.0005046033342584805,532741.1788895106,27,16,0,27,27
"Mar 21, 2026",0x02c645f3cfe4224f3e3c2df4b5f14b05ddc1ce3a3011b0da92af021cc7568ae2,0x07aaa9866750a0db82a54ba8674c38620fa2f967d2fbb31133def48e0527c87f,Pistols at Dawn,0.0002029253725628337,226513.5593220339,1,1,1,2,1
"Mar 21, 2026",0x0055373ed0e387ba6117b7bf65fa4a67af582f8de4e2a20cc75669d26ddb2df3,0x01c0a36e26a8f822e0d81f20a5a562b16a8f8a3dfd99801367dd2aea8f1a87a2,10kswap,0.0001843051747249359,187560.58234081295,6,5,0,6,6
"Mar 21, 2026",0x03a076d5c163f505a7777bcc14ad1345ab93a4213125a8f3dbbe16f236e0be64,0x021bcb191263cd28357465f9388570465f330724fe2a9a085fb372c7356226dc,Dmail Network,0.00012184632706703125,123854.1629249519,1,1,0,1,1
"Mar 21, 2026",0x064de9531932fbfb3959d0ebccf9b513ec3f2231e4f83383968af1babe603ab6,0x02a93ef8c7679a5f9b1fcf7286a6e1cadf2e9192be4bcb5cb2d1b39062697527,Nostra,0.00008362372794656041,85423.12600245097,4,3,0,4,4
"Mar 21, 2026",0x036225e72f257920de8a7334037e77fcef0c787f73a26e65a2a64f2fb82d6853,0x04619e9ce4109590219c5263787050726be63382148538f3f936c22aa87d2fc2,Nostra,0.000012693750888466613,13960.172167857432,1,1,0,1,1
"Mar 20, 2026",0x06687c0fc694b797e8a33c286ecc5a0da59faa2703b36c209a4301a4ed74ea53,0x062da0780fae50d68cecaa5a051606dc21217ba290969b302db4dd99d2e9b470,Extended,1904.539122918989,2073333308674.1428,81074,3371,115844,129762,10752
"Mar 20, 2026",0x00622e1d5971e4f99f8b3d6c9ed39738deebb61deea94acff22f70ebcc3537ef,0x06f7c4350d6d5ee926b3ac4fa0c9c351055456e75c92227468d84232fc493a9c,Loot Survivor,633.1300435826167,688780360507.2594,34311,60,0,38616,23975
"Mar 20, 2026",0x0429606f5203e9e5f43cfc2fb28023fafed24da6468ff7cf7b0d40b84c3db0bb,0x036017e69d21d6d8c13e266eabb73ef1f1d02722d86bdcabe5f168f8e549d3cd,Loot Survivor,147.45332921462548,160428840401.35712,24501,63,0,155033,24501
"Mar 20, 2026",0x04ad3c1dc8413453db314497945b6903e1c766495a1e60492d44da9c2a986e4b,0x04718f5a0fc34cc1af16a1cdee98ffb20c31f5cd61d6ab07201858f4287c938d,STRK Token,136.59800048776432,147256053149.46417,156742,1170,2072,227344,156742
"Mar 20, 2026",0x055574645f135e0471a71bc1b33d72cea5d5c5072fac01b9822193681603722e,0x0127021a1b5a52d3174c2ab077c2b043c80369250d29428cee956d76ee51584f,AVNU,111.8232863778087,121540140598.64719,49300,32154,49300,49300,49300
"Mar 20, 2026",0x0577604a2611c851e9cfc4da2ba7f7fc1d44a9327cc734d68b2b271340a6551c,0x00000005dd3d2f4429af886cd1a3b08289dbcea99a294197e9eb43b0e0325b4b,Ekubo,100.11852593384326,79224416839.31905,11405,583,16,69513,11405
"Mar 20, 2026",0x0340e435e91cfd5d1a5431783c7a1a995e92f435b717fe9012c1adf81c11cf77,0x01aa95ea66e7e01acf7dc3fda8be0d8661230c4c36b0169e2bab8ab4d6700dfc,Loot Survivor,83.33963742834099,90542214445.1086,9318,61,0,9319,9317
"Mar 20, 2026",0x04d6370214accdaac8cc249db34a916c92464235b87cf03641a85889d2f6d8e7,0x02a85bd616f912537c50a49a4076db02c00b29b2cdc8a197ce92ed1837fa875b,Pragma,48.02714237449062,48548552769.796005,1221,131,804,27833,1221
"Mar 20, 2026",0x01098b83039193053357e04788e0849cb28a0d2af2d67de9e52123ef4d267eb4,0x046da8955829adf2bda310099a0063451923f02e648cf25a1203aac6335cf0e4,Loot Survivor,31.768770275397788,34507339143.707886,10322,94,4,117057,10322
"Mar 20, 2026",0x0012276b8ff0f4c1f5c3a087ddc53a263fda97a5ee784f66bcda65467be5a98c,0x05aed2861d17a82b537528597f6710185088429b1c404bed9751518c87902cba,snapshotX,31.54756661122569,34327020571.274456,1945,1,0,3890,1945
"Mar 20, 2026",0x047f56c4572d11b6847e61de41cb268c3667b0d1b55e14aa183c8d802e5a72ac,0x0377c2d65debb3978ea81904e7d59740da1f07412e30d01c5ded1c5d6f1ddc43,Focus Tree,22.446096890207688,24437489549.534092,46240,29731,0,46362,45947
"Mar 20, 2026",0x0137a5970f752fd80649fb38d684b090decebec4f2853396617e4f2f01e5396a,0x0199741822c2dc722f6f605204f35e56dbc23bceed54818168c4c49e4fb8737e,Ekubo,19.99690462046692,21650113448.72557,8737,302,9053,20526,6097
"Mar 20, 2026",0x06982d79b2c1da29974bb766df7e642960ce61de0c4d6211adf1aa8a16ae32b6,0x051fea4450da9d6aee758bdeba88b2f665bcbf549d2c61421aa724e9ac0ced8f,Cartridge,17.296544605328098,18805694777.179413,31332,102,62664,125328,31332
"Mar 20, 2026",0x0432c02039833e1d0a937e8fbd472181579fbe068a2434dfea0420b3dd800502,0x029edbca81c979decd6ee02205127e8b10c011bca1d337141170095eba690931,Endur,16.25451917397666,17692758998.10121,622,56,305,12503,622
"Mar 20, 2026",0x07f162ee6baa4816cea0e2f25fa6ae0966618355bd752ecde6766e60815621f0,0x04270219d365d6b017231b52e92b3fb5d7c8378b05e9abc97724537a80e93b0f,AVNU,8.785125599744383,9527543336.438696,1809,297,1159,4542,1809
"Mar 20, 2026",0x020c69ca2574ce216956b19150f84980b42c3274a9fa1599f32e98df590b9fe8,0x05d07d9f64be843eb189f898200ab5ed66663d2db5523ce6f90b43654462ee66,Jokers of Neon,5.062124786507683,5504346616.088285,1457,5,1459,1459,1453
"Mar 20, 2026",0x0743c83c41ce99ad470aa308823f417b2141e02e04571f5c0004e743556e7faf,0x015d9023ac1fbc6963c0ad84e3b98c47c6ff90def416e2c21f7b0da1759e4546,LootRealms,4.693191616481479,5066390912.635474,320,1,320,320,320
"Mar 20, 2026",0x0306288971002bd7906e3a607d504dfb28dcbdc7655a115984e567dce3b67e8f,0x024a55b928496ef83468fdb9a5430fe031ac386b8f62f5c2eb7dd20ef7237415,Pragma,4.293494263126681,4671925645.789044,792,6,0,29498,792
"Mar 20, 2026",0x078e647e45d1d01f6af14124f5dcc58fccc3a3c888d97169e321e2fbe5488436,0x073f6addc9339de9822cab4dac8c9431779c09077f02ba7bc36904ea342dd9eb,Nostra,3.8157394448050486,4166834624.4316516,132,40,0,835,132
"Mar 20, 2026",0x0780ca9765ca7687690723bfe408875242534008d034eebfd9c8118a8a53c956,0x058c80ed9801b32b441566d320ae236c73257981800dcda63c9f02dd154c3f39,Vesu,3.7912876660159993,69201579.14075495,1,1,1,2,1
"Mar 20, 2026",0x0182dfcf12cf38789f5937a1b920f0513195131a408716224ac8273f371d9d0a,0x049ff5b3a7d38e2b50198f408fa8281635b5bc81ee49ab87ac36c8324c214427,Nostra,3.728491004028232,3797616407.7198043,330,143,30,344,330
"Mar 20, 2026",0x00c12f7c0a0bf73e3675345a8d28d26c83db3b13605f2aa33cba8344a0f582b5,0x02e0af29598b407c8716b17f6d2795eca1b471413fa03fb145a5e33722184067,Ekubo,3.5245053224869873,3824305093.1803966,425,22,249,2556,425
"Mar 20, 2026",0x0131e8a1b84559246f3743584740446c28f7fd885d5859d63d2883d1002d80ba,0x043e4f09c32d13d43a880e85f69f7de93ceda62d6cf2581a582c6db635548fdc,Ekubo,3.212103411939475,3474757445.73055,871,215,0,3033,871
"Mar 20, 2026",0x07e7b6448b503b61d9bdaa834fd647d2e2ed58d01187a9d894e1ec8e6445f3cd,0x0422d33a3638dcc4c62e72e1d6942cd31eb643ef596ccac2351e0e21f6cd4bf4,Influence,2.5534031764012393,2773022446.379744,420,16,382,1012,214
"Mar 20, 2026",0x062c6e1d7bd892e63a3514c672e9cfe63bfb647fac4eccc54517f135c25750ee,0x000d8d6dfec4d33bfb6895de9f3852143a17c6f92fd2a21da3d6924d34870160,Vesu,2.3925600229429964,630563527.5881937,60,5,0,61,60
"Mar 20, 2026",0x05811dfbc1f38392aa3e9580178ee2b5bf48fe9ee421ba709625e447d51bfe76,0x005e470ff654d834983a46b8f29dfa99963d5044b993cb7b9c92243a69dab38f,Ekubo,2.131680204661833,2319952564.7507567,519,149,0,1216,519
"Mar 20, 2026",0x002e4fbe1c458eb6ec7a5b15d78674bb6fbfd5872aca0fe920d462bd6fb8ed0b,0x042543c7d220465bd3f8f42314b51f4f3a61d58de3770523b281da61dbf27c8a,Nostra,1.5877089965737827,1542252224.3530185,53,25,1,295,53
"Mar 20, 2026",0x05ac1d8735a2db9dc798b4ac457357d2b36559aa7a174e84f7ec88654d123f26,0x0103eafe79f8631932530cc687dfcdeb013c883a82619ebf81be393e2953a87a,Loot Survivor,1.2311402603155734,1328545470.2745535,99,38,7,144,99
"Mar 20, 2026",0x002e4fbe1c458eb6ec7a5b15d78674bb6fbfd5872aca0fe920d462bd6fb8ed0b,0x01a2de9f2895ac4e6cb80c11ecc07ce8062a4ae883f64cb2b1dc6724b85e897d,Nostra,1.230623362344657,1277252037.4996943,22,16,0,128,22
"Mar 20, 2026",0x03a4008a3e868c3545b61a38b054f054c22a9c8f242eeeaa536c7d9c2226694b,0x059a943ca214c10234b9a3b61c558ac20c005127d183b86a99a8f3c60a08b4ff,Nostra,1.1320605411962898,1231106180.835927,132,40,0,3340,132
"Mar 20, 2026",0x0743c83c41ce99ad470aa308823f417b2141e02e04571f5c0004e743556e7faf,0x02e4727dfc9f4a6a0c8cee69c6987f487637ccd5e220808fd975bf267cf70431,LootRealms,1.107762158741589,1198994003.9087527,106,1,106,106,106
"Mar 20, 2026",0x02517d8839beef1dd5c901257cc01530dfff37bad76b72fea8c8985bf11125ca,0x029023e0a455d19d6887bc13727356070089527b79e6feb562ffe1afd6711dbe,Loot Survivor,1.091040764905,1181882011.7628846,3184,37,0,3212,3184
"Mar 20, 2026",0x04b1651ce08651a821bcb548f0d0a8a824b92959081e80e258b3a2b5094ca3f0,0x06b734db9fd1244f26622204a89dc6e212620f1413ec8cbc46f2c0bb53fc7deb,Starknet,1.0601385672876344,1152160201.0988758,121,1,121,121,121
"Mar 20, 2026",0x0261e2522908ec7d5fde00d3c0f83c90ec9caa1f3d12cd5be913e2ce55dcf8cb,0x03704c751314e87f871e63bfbaf2e43db895fc51b7d4c967cd3082e21a1d629f,Ejara,0.995013835741038,1085446635.3548965,1442,1,1442,1442,1442
"Mar 20, 2026",0x02517d8839beef1dd5c901257cc01530dfff37bad76b72fea8c8985bf11125ca,0x016f9def00daef9f1874dd932b081096f50aec2fe61df31a81bc5707a7522443,Loot Survivor,0.962605438120891,1044103665.0967749,2789,48,0,2801,2789
"Mar 20, 2026",0x002e4fbe1c458eb6ec7a5b15d78674bb6fbfd5872aca0fe920d462bd6fb8ed0b,0x05e03162008d76cf645fe53c6c13a7a5fce745e8991c6ffe94400d60e44c210a,Nostra,0.9598386601477289,1045558425.83703,18,11,0,113,18
"Mar 20, 2026",0x02517d8839beef1dd5c901257cc01530dfff37bad76b72fea8c8985bf11125ca,0x049eaed2a1ba2f2eb6ac2661ffd2d79231cdd7d5293d9448df49c5986c9897ae,Loot Survivor,0.8547269194354221,926324657.8529768,1586,41,0,1600,1586
"Mar 20, 2026",0x072ddc6cc22fb26453334e9cf1cbb92f12d2946d058e2b2b571c65d0f23d6516,0x02cb02c72e8a0975e69e88298443e984d965a49eab38f5bdde1f5072daa09cfe,Starknet Staking,0.6845590512321353,744552426.2658247,231,139,106,263,231
"Mar 20, 2026",0x05d1b28890a519dcbb350bd0e422627299243921103cead25960d70b9b73f4fc,0x057b14a4231b82f1e525ff35a722d893ca3dd2bde0baa6cee97937c5be861dbc,atomiq.exchange,0.6375183838157291,693920661.1079597,138,4,134,138,138
"Mar 20, 2026",0x0358663e6ed9d37efd33d4661e20b2bad143e0f92076b0c91fe65f31ccf55046,0x073314940630fd6dcda0d772d4c972c4e0a9946bef9dabf4ef84eda8ef542b82,StarkGate,0.5195378578666264,13950526.144716317,11,6,8,10,10
"Mar 20, 2026",0x0242c26b828af0e6dbef60b84e300a257c81c990c52cf0486a39c061e701e23a,0x06428ec3221f369792df13e7d59580902f1bfabd56a81d30224f4f282ba380cd,Opus,0.46498188172297206,506455572.27085775,42,2,0,744,42
"Mar 20, 2026",0x01a736d6ed154502257f02b1ccdf4d9d1089f80811cd6acad48e6b6a9d1f2003,0x019252b1deef483477c4d30cfcc3e5ed9c82fafea44669c182a45a01b4fdb97a,Layerswap,0.45651254602683955,495592722.1993657,458,1,0,916,458
"Mar 20, 2026",0x04e40639b8104b510a4522442ca55e7029406e5cdb140707f78ee82e98599b9f,0x01c3c8284d7eed443b42f47e764032a56eaf50a9079d67993b633930e3689814,Loot Survivor,0.43552713093333595,473710139.83061093,103,43,3,121,103
"Mar 20, 2026",0x074aad3c412b1d7c05f720abfd39adc709b8bf8a8c7640e50505a9436a6ff0cf,0x063d69ae657bd2f40337c39bf35a870ac27ddf91e6623c2f52529db4c1619a51,Nostra,0.4083385744157979,444468775.16034526,103,24,7,1338,103
"Mar 20, 2026",0x0743c83c41ce99ad470aa308823f417b2141e02e04571f5c0004e743556e7faf,0x00594d857f23ba0bb3b5820b2f24af943be6102d73b92228f8ac60f9ab364f36,LootRealms,0.38541434467688174,415311758.61063236,55,1,55,55,55
"Mar 20, 2026",0x076efa96ef2751327b7644a27add6147be009724e1ad9a2290e67a718c4b7903,0x043e447f2008d7c24267524b9858f793851381d90a8780c1b31d62500ae26009,Brove,0.3655313925600906,396090590.7315165,389,4,381,389,389
"Mar 20, 2026",0x02517d8839beef1dd5c901257cc01530dfff37bad76b72fea8c8985bf11125ca,0x016dea82a6588ca9fb7200125fa05631b1c1735a313e24afe9c90301e441a796,Loot Survivor,0.34949704479045235,379429641.07219094,314,36,0,322,314
"Mar 20, 2026",0x037ee302be6f4e4f166c90662fa346241667da86d6690d7704d96b790eb796cf,0x0498edfaf50ca5855666a700c25dd629d577eb9afccdf3b5977aec79aee55ada,Opus,0.27787632246427646,302210475.2625966,158,8,5,2494,158
"Mar 20, 2026",0x037d63129281c4c42cba74218c809ffc9e6f87ca74e0bdabb757a7f236ca59c3,0x01c9232b8186d9317652f05055615f18a120c2ad9e5ee96c39e031c257fb945b,Re7 Labs,0.25703328536095116,279569231.7229194,50,1,50,76,50
"Mar 20, 2026",0x074aad3c412b1d7c05f720abfd39adc709b8bf8a8c7640e50505a9436a6ff0cf,0x024e9b0d6bc79e111e6872bb1ada2a874c25712cf08dfc5bcf0de008a7cca55f,Nostra,0.22747110644355054,248512860.07211667,99,22,6,924,99
"Mar 20, 2026",0x0514718bb56ed2a8607554c7d393c2ffd73cbab971c120b00a2ce27cc58dd1c1,0x07a6f98c03379b9513ca84cca1373ff452a7462a3b61598f0af5bb27ad7f76d1,10kswap,0.2212198457104431,234945223.49461427,145,91,11,149,145
"Mar 20, 2026",0x0231adde42526bad434ca2eb983efdd64472638702f87f97e6e3c084f264e06f,0x000023c72abdf49dffc85ae3ede714f2168ad384cc67d08524732acea90df325,10kswap,0.21591257840957948,233022860.99334422,90,36,3,186,90
"Mar 20, 2026",0x03b6c6b615ff3df037d5fdad054b62ad89092149958b1500c1d281fd6f2fd14b,0x04b64b2f861d2ac56cee58a02d8474d83dc16cc84ecd8d3ef2024f70aed92378,Nostra,0.17298053874684163,188832965.45473436,84,17,0,151,84
"Mar 20, 2026",0x04f9849485e35f4a1c57d69b297feda94e743151f788202a6d731173babf4aec,0x07ae43abf704f4981094a4f3457d1abe6b176844f6cdfbb39c0544a635ef56b0,Nostra,0.1491926366696099,161148141.75166923,101,54,1,458,101
"Mar 20, 2026",0x05f06dcb8ef65dd934ba261e6f5ddc03ad3707a028236289feef4ef451f01a52,0x028d709c875c0ceac3dce7065bec5328186dc89fe254527084d1689910954b0a,Endur,0.14514411280254544,156521798.09143943,85,25,18,356,85
"Mar 20, 2026",0x0358663e6ed9d37efd33d4661e20b2bad143e0f92076b0c91fe65f31ccf55046,0x0594c1582459ea03f77deaf9eb7e3917d6994a03c13405ba42867f83d85f085d,StarkGate,0.12385820673400744,3602151.249700168,4,2,3,3,3
"Mar 20, 2026",0x010999af7972d4e1cff67953bb407dd1401052534c268d4600cf7f302cca9e88,0x00c530f2c0aa4c16a0806365b0898499fba372e5df7a7172dc6fe9ba777e8007,Nostra,0.11626767166271826,125638326.0149045,77,17,39,422,77
"Mar 20, 2026",0x0655ed27f19070cdbc6815b1eabb10653e03564a4ec83df289d464b9a111fdec,0x050707bc3b8730022f10530c2c6f6b9467644129c50c2868ad0036c5e4e9e616,ForgeYields,0.11152586642114914,44693690.19468152,2,1,2,2,2
"Mar 20, 2026",0x03b6c6b615ff3df037d5fdad054b62ad89092149958b1500c1d281fd6f2fd14b,0x00d8621fa1f45928c462a6db8e78b5a4bb09b6032ba2344707204757cc2adfe3,Nostra,0.11144623056824117,121439369.67722559,52,12,0,96,52
"Mar 20, 2026",0x01b2df6d8861670d4a8ca4670433b2418d78169c2947f46dc614e69f333745c8,0x02ceed65a4bd731034c01113685c831b01c15d7d432f71afb1cf1634b53a2125,Universal Deployer,0.1101320817296387,119789894.86463769,244,26,253,254,244
"Mar 20, 2026",0x0743c83c41ce99ad470aa308823f417b2141e02e04571f5c0004e743556e7faf,0x041845afb6e2b85adbd473941344c8ab017914977280fe8d9b724b27822458e1,LootRealms,0.10869495674843982,118258246.42214887,16,1,6,26,16
"Mar 20, 2026",0x009f9205f50528a4c6308c69c675c14e65f31c72b1f7f1d2375d04fae1eec546,0x0124aeb495b947201f5fac96fd1138e326ad86195b98df6dec9009158a533b49,Eternum,0.10401103898972464,76758200.08599786,95,19,7,664,95
"Mar 20, 2026",0x02eb0fc47912fe0997d82d8c66aad672cfd8b3ec56161d42e3059c3443603f71,0x0359550b990167afd6635fa574f3bdadd83cb51850e1d00061fe693158c23f80,Jediswap,0.10104901158840607,110243755.28829704,7,7,0,14,7
"Mar 20, 2026",0x002e4fbe1c458eb6ec7a5b15d78674bb6fbfd5872aca0fe920d462bd6fb8ed0b,0x01583919ffd78e87fa28fdf6b6a805fe3ddf52f754a63721dcd4c258211129a6,Nostra,0.10013913326383753,107233469.2044856,2,2,0,8,2
"Mar 20, 2026",0x074aad3c412b1d7c05f720abfd39adc709b8bf8a8c7640e50505a9436a6ff0cf,0x00ba3037d968790ac486f70acaa9a1cab10cf5843bb85c986624b4d0e5a82e74,Nostra,0.09235533652619048,101136165.38235222,97,20,1,426,97
"Mar 20, 2026",0x05ffbcfeb50d200a0677c48a129a11245a3fc519d1d98d76882d1c9a1b19c6ed,0x075afe6402ad5a5c20dd25e10ec3b3986acaa647b77e4ae24b0cbc9a54a27a87,Ekubo,0.08870168748040794,95123585.9015888,371,159,13,1744,371
"Mar 20, 2026",0x04f9849485e35f4a1c57d69b297feda94e743151f788202a6d731173babf4aec,0x068400056dccee818caa7e8a2c305f9a60d255145bac22d6c5c9bf9e2e046b71,Nostra,0.08574129778780383,92250686.73247641,107,61,1,473,107
"Mar 20, 2026",0x0337f32bd5fccef2b67d2c620a8d31abccd5960c37f0c0b58d5e5327fac7e6b7,0x0038925b0bcf4dce081042ca26a96300d9e181b910328db54a6c89e5451503f5,Haiko,0.07541735788624125,81891605.29720351,2,2,1,18,2
"Mar 20, 2026",0x022837e805f6ebd2fc819b38d17dba57f07d4ff2ac3e931afba60393dc1ef7c3,0x04dd39de0a588f5e1c7a8377e1bef2c49caaee49a11433429d2c48f587b3a492,ForgeYields,0.07292045920240962,80164246.50421672,3,2,3,3,3
"Mar 20, 2026",0x029fd83b01f02b45987dfb9652633cd0f1f64a0f36403ab1fed7bd99642fa474,0x002fc2d4b41cc1f03d185e6681cbd40cced61915d4891517a042658d61cba3b1,Nostra,0.07153598232195145,77803450.31849524,53,13,0,379,53
"Mar 20, 2026",0x0743c83c41ce99ad470aa308823f417b2141e02e04571f5c0004e743556e7faf,0x04364d8e9f994453f5d0c8dc838293226d8ae0aec78030e5ee5fb91614b00eb5,LootRealms,0.06490865084001922,71401412.36912288,4,1,4,5,4
"Mar 20, 2026",0x029fd83b01f02b45987dfb9652633cd0f1f64a0f36403ab1fed7bd99642fa474,0x05dcd26c25d9d8fd9fc860038dcb6e4d835e524eb8a85213a8cda5b7fff845f6,Nostra,0.061504544131556226,67015617.11287212,103,24,2,506,103
"Mar 20, 2026",0x0358663e6ed9d37efd33d4661e20b2bad143e0f92076b0c91fe65f31ccf55046,0x074761a8d48ce002963002becc6d9c3dd8a2a05b1075d55e5967f42296f16bd0,StarkGate,0.05989306856717623,1437354.9967762735,1,1,1,1,1
"Mar 20, 2026",0x03b6c6b615ff3df037d5fdad054b62ad89092149958b1500c1d281fd6f2fd14b,0x002bebc40e96b6f2247cc1992d720aed76d9edd7ee9c68cc949deea54defb965,Nostra,0.05765819376832984,62956973.9980328,32,11,0,52,32
"Mar 20, 2026",0x04f9849485e35f4a1c57d69b297feda94e743151f788202a6d731173babf4aec,0x05ef8800d242c5d5e218605d6a10e81449529d4144185f95bf4b8fb669424516,Nostra,0.0559798913367502,60066139.50282109,65,45,0,251,65
"Mar 20, 2026",0x00757b0a734118b77ca0ef8298c904dc4d6dd1112a74b89f762e64578c5dd61e,0x07558a9da2fac57f5a4381fef8c36c92ca66adc20978063982382846f72a4448,Opus,0.051455389828813355,55949076.709721334,48,1,48,48,48
"Mar 20, 2026",0x07d932bada070262a966bf3bdbd41fecf4d69d9c00c03e674d92d69b2dc7a022,0x00c318445d5a5096e2ad086452d5c97f65a9d28cafe343345e0fa70da0841295,Nostra,0.0507839821166007,51084886.498055756,9,7,1,50,9
"Mar 20, 2026",0x07fe6c3f183b4ecd4f644ed472df2c5ec3e15a3c90d92988a1f8cd5ffda56266,0x02ffce9d48390d497f7dfafa9dfd22025d9c285135bcc26c955aea8741f081d2,Haiko,0.0475726986432024,51557668.647796266,1,1,0,1,1
"Mar 20, 2026",0x0684028bba86bf6c2b979f3d6ad2cfcc07943cff5bfa31368e4b65b4c6a554c8,0x07fdcec0cef01294c9c3d52415215949805c77bae8003702a7928fd6d2c36bc1,ForgeYields,0.0437239625782635,48737427.292399615,2,1,2,2,2
"Mar 20, 2026",0x029fd83b01f02b45987dfb9652633cd0f1f64a0f36403ab1fed7bd99642fa474,0x0453c4c996f1047d9370f824d68145bd5e7ce12d00437140ad02181e1d11dc83,Nostra,0.04252404259711448,46509831.60433441,99,22,2,424,99
"Mar 20, 2026",0x029fd83b01f02b45987dfb9652633cd0f1f64a0f36403ab1fed7bd99642fa474,0x057146f6409deb4c9fa12866915dd952aa07c1eb2752e451d7f3b042086bdeb8,Nostra,0.04244496793010208,46180113.94095932,97,20,5,326,97
"Mar 20, 2026",0x029fd83b01f02b45987dfb9652633cd0f1f64a0f36403ab1fed7bd99642fa474,0x0360f9786a6595137f84f2d6931aaec09ceec476a94a98dcad2bb092c6c06701,Nostra,0.037108951843035656,40542150.180127814,29,10,0,253,29
"Mar 20, 2026",0x05973b1bed1f0a20a9125fac8ec5499f29f44bb70d9c465658c0da20ca9b75f3,0x04f5e0de717daa6aa8de63b1bf2e8d7823ec5b21a88461b1519d9dbc956fb7f2,Spiko,0.036753188416901436,39815685.105707765,16,15,15,28,16
"Mar 20, 2026",0x037d63129281c4c42cba74218c809ffc9e6f87ca74e0bdabb757a7f236ca59c3,0x04ce3024b0ee879009112d7b0e073f8a87153dd35b029347d4247ffe48d28f51,Re7 Labs,0.03645860697107096,39735671.15639323,8,2,8,13,8
"Mar 20, 2026",0x0079c62b9e8e26527d1cfd9721e4bbe82a181212d8c4ce0bd9ef36214fe53653,0x04d0bb0a4c40012384e7c419e6eb3c637b28e8363fb66958b60d90505b9c072f,Opus,0.03374205061810165,36432049.06362826,7,1,7,7,6
"Mar 20, 2026",0x05ad546a6c28eb16584335a4f717918199ffde7e722131ef518df23ec55a34d4,0x07b696af58c967c1b14c9dde0ace001720635a660a8e90c565ea459345318b30,Ekubo,0.03132649173076186,33933655.12255139,426,22,2,911,426
"Mar 20, 2026",0x037d63129281c4c42cba74218c809ffc9e6f87ca74e0bdabb757a7f236ca59c3,0x01248e385c23a929a015ec298a26560fa7745bbd6e41a886550e337b02714b1b,Re7 Labs,0.030020119931281713,32670926.816896744,6,1,6,8,6
"Mar 20, 2026",0x06cb284a6d8ef16b86856d753e3655406f9ff86f4d8e4f22479f2d739fbb4df2,0x00f6f4cf62e3c010e0ac2451cc7807b5eec19a40b0faacd00cca3914280fdf5a,Fibrous,0.027775863928462423,30065695.854221463,1,1,0,4,1
"Mar 20, 2026",0x01c055a12da08c9b0f179364545124c3ae2418530552001cf2451423dae5dbad,0x07346e65e80eb61cdfcc56f6f21de07b312e93fe770fb17a6e43c1950acfdbab,Uncap,0.024779133430008194,26799341.260380596,2,2,2,2,2
"Mar 20, 2026",0x064de9531932fbfb3959d0ebccf9b513ec3f2231e4f83383968af1babe603ab6,0x02a93ef8c7679a5f9b1fcf7286a6e1cadf2e9192be4bcb5cb2d1b39062697527,Nostra,0.024157042412105586,26284214.535710532,6,3,1,6,6
"Mar 20, 2026",0x037d63129281c4c42cba74218c809ffc9e6f87ca74e0bdabb757a7f236ca59c3,0x0351b36d0d9d8b40010658825adeeddb1397436cd41acd0ff6c6e23aaa8b5b30,Re7 Labs,0.021098397585449364,22865490.984736416,1,1,1,3,1
"Mar 20, 2026",0x074aad3c412b1d7c05f720abfd39adc709b8bf8a8c7640e50505a9436a6ff0cf,0x0491480f21299223b9ce770f23a2c383437f9fbf57abc2ac952e9af8cdb12c97,Nostra,0.020880748087912248,22640447.43852815,94,21,1,263,94
"Mar 20, 2026",0x00af217ac88042025de06ba64d713509e287c4bab56234826083432e2ec58a52,0x05bc1c8a78667fac3bf9617903dbf2c1bfe3937e1d37ada3d8b86bf70fb7926e,Opus,0.020041827651671115,21830457.36661498,39,1,0,39,39
"Mar 20, 2026",0x00af217ac88042025de06ba64d713509e287c4bab56234826083432e2ec58a52,0x02d1e95661e7726022071c06a95cdae092595954096c373cde24a34bb3984cbf,Opus,0.020041827651671115,21830457.366614982,39,1,0,39,39
"Mar 20, 2026",0x00af217ac88042025de06ba64d713509e287c4bab56234826083432e2ec58a52,0x0315ce9c5d3e5772481181441369d8eea74303b9710a6c72e3fcbbdb83c0dab1,Opus,0.018371675347365193,20011252.586063724,39,1,0,39,39
"Mar 20, 2026",0x00af217ac88042025de06ba64d713509e287c4bab56234826083432e2ec58a52,0x031a96fe18fe3fdab28822c82c81471f1802800723c8f3e209f1d9da53bc637d,Opus,0.01837167534736519,20011252.58606373,39,1,0,39,39
"Mar 20, 2026",0x04ceaa19dfb0a8e9d69f9464d33c23ef311ea5292311bacf43ba33388aedfa10,0x0469b656239972a2501f2f1cd71bf4e844d64b7cae6773aa84c702327c476e5b,Jediswap,0.018309839734215065,20114717.257239033,2,1,2,2,2
"Mar 20, 2026",0x0231adde42526bad434ca2eb983efdd64472638702f87f97e6e3c084f264e06f,0x017e9e62c04b50800d7c59454754fe31a2193c9c3c6c92c093f2ab0faadf8c87,10kswap,0.018248860958660164,19325780.83925751,23,23,0,46,23
"Mar 20, 2026",0x0608417939ea23747b180be2919f543d4c94ee7a2759511f80bbdfc2ffed410e,0x07d83b8842d2074a31926a59e942e4f39f879cac52e0f7c28b77240301a8bb6d,Brove,0.015032630454607008,16345514.27554873,8,4,0,8,8
"Mar 20, 2026",0x04d6caf7dc0e10f58b38e89b2f029535e02ae133495c61c55f3c55506010913b,0x06716836514e75e9f4eaa0fe93aa0448480a321b669041d6b5f27aa75374ac66,Uncap,0.014433662742491186,15610352.215574179,2,2,0,2,2
"Mar 20, 2026",0x02c645f3cfe4224f3e3c2df4b5f14b05ddc1ce3a3011b0da92af021cc7568ae2,0x07aaa9866750a0db82a54ba8674c38620fa2f967d2fbb31133def48e0527c87f,Pistols at Dawn,0.013930761637698142,15249621.33322433,4,2,2,6,4
"Mar 20, 2026",0x029fd83b01f02b45987dfb9652633cd0f1f64a0f36403ab1fed7bd99642fa474,0x01fecadfe7cda2487c66291f2970a629be8eecdcb006ba4e71d1428c2b7605c7,Nostra,0.01362398498813371,14898745.98413767,12,5,0,84,12
"Mar 20, 2026",0x066e6c4b3ff0c038485993ffeb7ff3b176cdf91ee52fb5a6113117874944e08f,0x05dbdedc203e92749e2e746e2d40a768d966bd243df04a6b712e222bc040a9af,Starknet ID,0.012672546982923834,13897280.7322104,2,2,1,2,2
"Mar 20, 2026",0x029fd83b01f02b45987dfb9652633cd0f1f64a0f36403ab1fed7bd99642fa474,0x05b7d301fa769274f20e89222169c0fad4d846c366440afc160aafadd6f88f0c,Nostra,0.012491423805138931,13661627.646050842,94,21,1,255,94
"Mar 20, 2026",0x05973b1bed1f0a20a9125fac8ec5499f29f44bb70d9c465658c0da20ca9b75f3,0x020ff2f6021ada9edbceaf31b96f9f67b746662a6e6b2bc9d30c0d3e290a71f6,Spiko,0.010815101348838679,11823339.236489996,5,5,4,8,5
"Mar 20, 2026",0x0358663e6ed9d37efd33d4661e20b2bad143e0f92076b0c91fe65f31ccf55046,0x05cd48fccbfd8aa2773fe22c217e808319ffcc1c5a6a463f7d8fa2da48218196,StarkGate,0.010629263798704418,1626656.9537778017,4,4,0,4,4
"Mar 20, 2026",0x000a89570d9d299bf7d1091ed0bd044e68fc0f5f997bc415d6e7127b198c272e,0x0618144e41e8b67ee316e696907e4bda28569f300372e41854fd2982d1d528fd,Ejara,0.00973736330497386,10612797.406573616,4,1,4,4,4
"Mar 20, 2026",0x054262acdda5a51fb77b3d7a3e977cfe056f34faf5e75e793afea58026aa7470,0x076def79cc9a3a375779c163ad12996f99fbeb4acd68d7041529159bde897160,Nostra,0.009724970453467027,10683042.319716599,2,2,1,9,2
"Mar 20, 2026",0x0372f78538763e8bc8d8b00e78f7f3632e373f315c963324442a139007d7c1ba,0x05b4ff547559e1b0681e8f62a0d420f83009a6491f4927f3f158b932abff5f7f,POW!,0.009716959222708509,10506020.827028932,4,1,0,5,1
"Mar 20, 2026",0x029fd83b01f02b45987dfb9652633cd0f1f64a0f36403ab1fed7bd99642fa474,0x04f18ffc850cdfa223a530d7246d3c6fc12a5969e0aa5d4a88f470f5fe6c46e9,Nostra,0.008655033464710705,9451561.989323627,93,20,0,246,93
"Mar 20, 2026",0x07ad19eba012a12147cd91b475c22d75c47b6f59eb09ed18c27bb967477073ce,0x066e3e2ea2095b2a0424b9a2272e4058f30332df5ff226518d19c20d3ab8e842,Opus,0.008302670364127667,8966071.0055877,3,1,0,5,3
"Mar 20, 2026",0x074aad3c412b1d7c05f720abfd39adc709b8bf8a8c7640e50505a9436a6ff0cf,0x066037c083c33330a8460a65e4748ceec275bbf5f28aa71b686cbc0010e12597,Nostra,0.008280080909213004,9040395.603641596,93,20,0,244,93
"Mar 20, 2026",0x04f9849485e35f4a1c57d69b297feda94e743151f788202a6d731173babf4aec,0x0285aa1c4bbeef8a183fb7245f096ddc4c99c6b2fedd1c1af52a634c83842804,Nostra,0.008250426787316304,8955452.239437925,11,6,0,40,11
"Mar 20, 2026",0x0286355a41a2ab7f9233c864ed1f05ce629be19de5adc5274b9f117c4aae48b6,0x04d8bb956e6bd7a50fcb8b49d8e9fd8269cfadbeb73f457fd6d3fc1dff4b879e,Element Market,0.007603809581377752,8174866.4079127945,4,4,3,4,4
"Mar 20, 2026",0x04f9849485e35f4a1c57d69b297feda94e743151f788202a6d731173babf4aec,0x052b136b37a7e6ea52ce1647fb5edc64efe23d449fc1561d9994a9f8feaa6753,Nostra,0.007525640776053575,8092415.785187225,11,9,0,51,11
"Mar 20, 2026",0x006a54af2934978ac59b27b91291d3da634f161fd5f22a2993da425893c44c64,0x05eb02e164f78fd91b9be6a0b9b3aa02c936db485bd760730f65711533c70a26,Haiko,0.006531449092208683,7184522.1609702315,2,1,2,2,2
"Mar 20, 2026",0x04f9849485e35f4a1c57d69b297feda94e743151f788202a6d731173babf4aec,0x07f232e7857effe04f7351e9bb2f1ebc2589bacca3380ae84efcc22067c1436e,Nostra,0.006000174009512821,6468240.069549621,6,5,0,30,6
"Mar 20, 2026",0x04f9849485e35f4a1c57d69b297feda94e743151f788202a6d731173babf4aec,0x05ae9c593b2bef20a8d69ae7abf1e6da551481f9efd83d03a9f05b6d7c9a78ec,Nostra,0.005520052209353395,6005992.575802128,7,5,0,27,7
"Mar 20, 2026",0x02e977279dc9c17cf8ac24fdda54e910843ded14c24f5b9a1aec03d0f08a1835,0x0586fc03b4e6901ef423890c19e8fcf528a269329ab23ff7cb2df975ec3d4d62,Uncap,0.004696857904996073,5079866.178689085,2,2,0,12,2
"Mar 20, 2026",0x04f9849485e35f4a1c57d69b297feda94e743151f788202a6d731173babf4aec,0x03d51776d3ce07c211d5dbdf40a9333ec6d6d3a0b2853de1d6706f9ea3b88d45,Nostra,0.004403946966410515,4789606.884318555,5,2,0,10,5
"Mar 20, 2026",0x01069ccc8864027bd123810ccb47917b57e09723fc28f06797cec4064709e8ab,0x0780627de12ac84a7887b7f83496a8ece5ea3c5eb7170f9f00587dabfdbe18d1,Uncap,0.00431168647331773,4664722.680042567,3,2,0,9,3
"Mar 20, 2026",0x04f9849485e35f4a1c57d69b297feda94e743151f788202a6d731173babf4aec,0x03f8c9062f1bfe45f82cd70ed97ff053bc5836783ec66adfe3288eb1b43aa83b,Nostra,0.00420628029674063,4572636.313137541,5,2,0,8,5
"Mar 20, 2026",0x076b533a863ea90cc391c5226ec5d5b6466bfeb0721d6c970d3b627a18de720d,0x0514bd7ee8c97d4286bd481c54aa0793e43edbfb7e1ab9784c4b30469dcf9313,Nostra,0.004140040454606503,4520197.8018208,93,20,0,244,93
"Mar 20, 2026",0x076b533a863ea90cc391c5226ec5d5b6466bfeb0721d6c970d3b627a18de720d,0x005c4676bcb21454659479b3cd0129884d914df9c9b922c1c649696d2e058d70,Nostra,0.004140040454606502,4520197.801820799,93,20,0,244,93
"Mar 20, 2026",0x076b533a863ea90cc391c5226ec5d5b6466bfeb0721d6c970d3b627a18de720d,0x044debfe17e4d9a5a1e226dabaf286e72c9cc36abbe71c5b847e669da4503893,Nostra,0.004140040454606501,4520197.801820799,93,20,0,244,93
"Mar 20, 2026",0x0386d92966f0908ded021f3959610dc52a605922387e0847df45832c046a79bd,0x0142af5b6c97f02cac9c91be1ea9895d855c5842825cb2180673796e54d73dc5,Nostra,0.004140040454606501,4520197.801820799,93,20,0,244,93
"Mar 20, 2026",0x076b533a863ea90cc391c5226ec5d5b6466bfeb0721d6c970d3b627a18de720d,0x05f296e1b9f4cf1ab452c218e72e02a8713cee98921dad2d3b5706235e128ee4,Nostra,0.0041400404546065,4520197.801820798,93,20,0,244,93
"Mar 20, 2026",0x0231adde42526bad434ca2eb983efdd64472638702f87f97e6e3c084f264e06f,0x041a708cf109737a50baa6cbeb9adf0bf8d97112dc6cc80c7a458cbad35328b0,10kswap,0.004084450186529792,4509060.421138294,2,2,2,6,2
"Mar 20, 2026",0x030cdf64bacc2779e2f207b3992de1c2e5036b9e87c22eb60319ae25f1a73077,0x02bcaef2eb7706875a5fdc6853dd961a0590f850bc3a031c59887189b5e84ba1,Re7 Labs,0.003939180194627651,4270696.567135913,1,1,1,1,1
"Mar 20, 2026",0x0075f5d9f0d7a9d9c9de62594dae053feb990f6e70e978fdda1dc8abf2b1acdf,0x001ba4a9e2e86a41c6ed15016eda0404d12bf7b01052cccff1ace84d818335c7,Uncap,0.003534098977172135,3825755.7617472266,3,2,1,4,3
"Mar 20, 2026",0x06afa2f21a611f8b4a77ef681a9eb0c7cd6e52aa918e7f8b4b8142b4ca1bde49,0x01325caf7c91ee415b8df721fb952fa88486a0fc250063eafddd5d3c67867ce7,Nostra,0.0029968174349347034,3277957.839803832,5,2,0,20,5
"Mar 20, 2026",0x073073a6c4b631f49e199e963259398baf150db99bfc15846f43163ec09381c4,0x050ed6ab03aef492cd062e25facf40ceef63294c53d12b514226f8fb4753266e,Ekubo,0.002749919949310094,2956273.7527527455,3,2,0,8,3
"Mar 20, 2026",0x029fd83b01f02b45987dfb9652633cd0f1f64a0f36403ab1fed7bd99642fa474,0x0735d0f09a4e8bf8a17005fa35061b5957dcaa56889fc75df9e94530ff6991ea,Nostra,0.0021612820606034607,2354248.6247380567,2,2,0,14,2
"Mar 20, 2026",0x036225e72f257920de8a7334037e77fcef0c787f73a26e65a2a64f2fb82d6853,0x04619e9ce4109590219c5263787050726be63382148538f3f936c22aa87d2fc2,Nostra,0.002110795887792986,2308874.5206494112,21,7,0,49,21
"Mar 20, 2026",0x06248498d24d93ca254fc018991919082866b7f9c9128dcddebd1252a6ad5fe5,0x042a37aa9263b01191286f0f800cc85c676441fb9d27d74bbf3ebcbf4e373d81,Uncap,0.001460448934906754,1579783.5874741795,3,2,0,88,3
"Mar 20, 2026",0x05ffbcfeb50d200a0677c48a129a11245a3fc519d1d98d76882d1c9a1b19c6ed,0x00585c32b625999e6e5e78645ff8df7a9001cf5cf3eb6b80ccdd16cb64bd3a34,zkLend,0.0012106293068349842,1330801.0522120367,1,1,0,1,1
"Mar 20, 2026",0x03b6c6b615ff3df037d5fdad054b62ad89092149958b1500c1d281fd6f2fd14b,0x05a039ff36caf644c6f736c4afb82a7076904a99da4e3ff0a7da57b4017f8d39,Nostra,0.0009726401528774138,1048584.7548799154,1,1,0,1,1
"Mar 20, 2026",0x038082dfcc9e1afd67eaabcb9b0cff0646237badf22a494bcfc72532c8fc2249,0x01aa950c9b974294787de8df8880ecf668840a6ab8fa8290bf2952212b375148,Jediswap,0.0008858832555339842,959214.8981233401,16,15,0,44,16
"Mar 20, 2026",0x07f9f9922b7344f8342eec63a313e279b04ee8084cd26c751dfb43b0cae24cd1,0x033fce86e1de643d13ef366059193fc0ca42a08888c0a589866d940e865ceb38,Uncap,0.0007500719405920043,811298.6458307162,1,1,0,4,1
"Mar 20, 2026",0x03a076d5c163f505a7777bcc14ad1345ab93a4213125a8f3dbbe16f236e0be64,0x021bcb191263cd28357465f9388570465f330724fe2a9a085fb372c7356226dc,Dmail Network,0.0006214936968661236,671759.4690474009,3,2,2,3,3
"Mar 20, 2026",0x055d4faaa2ec1264799fe2e0689a13d613d1c22398afb9d4ba03d5c5e8b3602a,0x075d9e518f46a9ca0404fb0a7d386ce056dadf57fd9a0e8659772cb517be4a18,Uncap,0.0006098453324204805,659562.3443578207,2,2,2,4,2
"Mar 20, 2026",0x0055373ed0e387ba6117b7bf65fa4a67af582f8de4e2a20cc75669d26ddb2df3,0x01c0a36e26a8f822e0d81f20a5a562b16a8f8a3dfd99801367dd2aea8f1a87a2,10kswap,0.0005135586626689497,563401.8120849646,13,6,0,13,13
"Mar 20, 2026",0x054ee7a431cd9c0bd7bec010b623e9f945be8244fa926a405b1c34a574cc44bd,0x05a98d258b4cc6c8b8b654fa1ee36146c79e8c5315a610d7ee03df9b4b27a11e,Uncap,0.0005075537764302673,548936.3418968208,2,2,0,2,2
"Mar 20, 2026",0x05975305aa676314b830ec9c3fe56324e06341d943a3e22c28f9eb715c5a3ca4,0x04a1e17f1e4d5fdd839fa6a4c52a742b9d10871028b6ffcfb2f1de8dd5dc2cd4,Uncap,0.0002855957148194418,308878.61100325885,2,2,0,4,2
"Mar 20, 2026",0x03dc4b60695e8cd02ad357f4f6c7c3ee287adf145c1998b3c7d34dee41923ac6,0x0241b9c4ce12c06f49fee2ec7c16337386fa5185168f538a7631aacecdf3df74,Influence,0.00015834222897273545,170830.56099882323,4,2,0,7,4
"Mar 20, 2026",0x03de80d973a1dd17133559d2c81d74cdfde6a03b56d3784e7647d1aa98be88e0,0x06914f468ba28ad42149db6ed642c3c4f123a2c91f3e569d02e90881531c960e,Uncap,0.00006155080060763832,66568.66616449543,2,2,0,4,2
"Mar 19, 2026",0x06687c0fc694b797e8a33c286ecc5a0da59faa2703b36c209a4301a4ed74ea53,0x062da0780fae50d68cecaa5a051606dc21217ba290969b302db4dd99d2e9b470,Extended,2221.508837390412,2366094960014.5645,78838,3812,122692,138056,12086
"Mar 19, 2026",0x00622e1d5971e4f99f8b3d6c9ed39738deebb61deea94acff22f70ebcc3537ef,0x06f7c4350d6d5ee926b3ac4fa0c9c351055456e75c92227468d84232fc493a9c,Loot Survivor,784.4774300665044,835674000678.9178,40262,68,0,46541,29121
"Mar 19, 2026",0x0429606f5203e9e5f43cfc2fb28023fafed24da6468ff7cf7b0d40b84c3db0bb,0x036017e69d21d6d8c13e266eabb73ef1f1d02722d86bdcabe5f168f8e549d3cd,Loot Survivor,181.03185980723632,192838536732.07794,29797,70,1,186522,29797
"Mar 19, 2026",0x0577604a2611c851e9cfc4da2ba7f7fc1d44a9327cc734d68b2b271340a6551c,0x00000005dd3d2f4429af886cd1a3b08289dbcea99a294197e9eb43b0e0325b4b,Ekubo,179.0229149083174,101486399647.54468,13341,654,0,82578,13341
"Mar 19, 2026",0x055574645f135e0471a71bc1b33d72cea5d5c5072fac01b9822193681603722e,0x0127021a1b5a52d3174c2ab077c2b043c80369250d29428cee956d76ee51584f,AVNU,158.123184445414,168244804252.6275,66939,41782,66939,66939,66939
"Mar 19, 2026",0x04ad3c1dc8413453db314497945b6903e1c766495a1e60492d44da9c2a986e4b,0x04718f5a0fc34cc1af16a1cdee98ffb20c31f5cd61d6ab07201858f4287c938d,STRK Token,156.21252751055326,162911816898.77948,186969,1144,2425,261767,186969
"Mar 19, 2026",0x0340e435e91cfd5d1a5431783c7a1a995e92f435b717fe9012c1adf81c11cf77,0x01aa95ea66e7e01acf7dc3fda8be0d8661230c4c36b0169e2bab8ab4d6700dfc,Loot Survivor,147.4933124691306,156675764134.94302,12174,64,0,12175,12173
"Mar 19, 2026",0x04d6370214accdaac8cc249db34a916c92464235b87cf03641a85889d2f6d8e7,0x02a85bd616f912537c50a49a4076db02c00b29b2cdc8a197ce92ed1837fa875b,Pragma,49.225655621345155,46203180746.8677,1234,167,845,25543,1234
"Mar 19, 2026",0x01098b83039193053357e04788e0849cb28a0d2af2d67de9e52123ef4d267eb4,0x046da8955829adf2bda310099a0063451923f02e648cf25a1203aac6335cf0e4,Loot Survivor,47.60452861727243,50618030331.18803,13356,88,0,184522,13356
"Mar 19, 2026",0x0012276b8ff0f4c1f5c3a087ddc53a263fda97a5ee784f66bcda65467be5a98c,0x05aed2861d17a82b537528597f6710185088429b1c404bed9751518c87902cba,snapshotX,36.01880078679147,38367012962.04821,2174,1,0,4348,2174
"Mar 19, 2026",0x047f56c4572d11b6847e61de41cb268c3667b0d1b55e14aa183c8d802e5a72ac,0x0377c2d65debb3978ea81904e7d59740da1f07412e30d01c5ded1c5d6f1ddc43,Focus Tree,31.481332896111386,33489989941.875168,63317,39256,0,63462,63059
"Mar 19, 2026",0x0137a5970f752fd80649fb38d684b090decebec4f2853396617e4f2f01e5396a,0x0199741822c2dc722f6f605204f35e56dbc23bceed54818168c4c49e4fb8737e,Ekubo,23.078303813713493,23176465140.265465,8555,353,8712,21349,6386
"Mar 19, 2026",0x06982d79b2c1da29974bb766df7e642960ce61de0c4d6211adf1aa8a16ae32b6,0x051fea4450da9d6aee758bdeba88b2f665bcbf549d2c61421aa724e9ac0ced8f,Cartridge,22.867211115267082,24352175919.13381,39634,105,79268,158536,39634
"Mar 19, 2026",0x0432c02039833e1d0a937e8fbd472181579fbe068a2434dfea0420b3dd800502,0x029edbca81c979decd6ee02205127e8b10c011bca1d337141170095eba690931,Endur,16.614864960131012,17710080969.728584,625,76,304,12525,625
"Mar 19, 2026",0x07f162ee6baa4816cea0e2f25fa6ae0966618355bd752ecde6766e60815621f0,0x04270219d365d6b017231b52e92b3fb5d7c8378b05e9abc97724537a80e93b0f,AVNU,10.644374033244308,11262511452.095472,2120,369,1237,5247,2120
"Mar 19, 2026",0x0182dfcf12cf38789f5937a1b920f0513195131a408716224ac8273f371d9d0a,0x049ff5b3a7d38e2b50198f408fa8281635b5bc81ee49ab87ac36c8324c214427,Nostra,8.619368661296912,6095549085.865953,390,168,29,409,390
"Mar 19, 2026",0x078e647e45d1d01f6af14124f5dcc58fccc3a3c888d97169e321e2fbe5488436,0x073f6addc9339de9822cab4dac8c9431779c09077f02ba7bc36904ea342dd9eb,Nostra,6.706883019334434,7206690857.066046,189,44,0,1326,189
"Mar 19, 2026",0x0306288971002bd7906e3a607d504dfb28dcbdc7655a115984e567dce3b67e8f,0x024a55b928496ef83468fdb9a5430fe031ac386b8f62f5c2eb7dd20ef7237415,Pragma,4.980738783582656,5306010165.273963,833,7,0,31930,833
"Mar 19, 2026",0x0131e8a1b84559246f3743584740446c28f7fd885d5859d63d2883d1002d80ba,0x043e4f09c32d13d43a880e85f69f7de93ceda62d6cf2581a582c6db635548fdc,Ekubo,3.8599321038914294,4050500351.879116,1022,209,0,3508,1022
"Mar 19, 2026",0x002e4fbe1c458eb6ec7a5b15d78674bb6fbfd5872aca0fe920d462bd6fb8ed0b,0x05e03162008d76cf645fe53c6c13a7a5fce745e8991c6ffe94400d60e44c210a,Nostra,3.548913166407111,3079929365.963859,60,31,1,356,60
"Mar 19, 2026",0x07e7b6448b503b61d9bdaa834fd647d2e2ed58d01187a9d894e1ec8e6445f3cd,0x0422d33a3638dcc4c62e72e1d6942cd31eb643ef596ccac2351e0e21f6cd4bf4,Influence,3.498664990720836,3731250323.930336,396,14,406,892,307
"Mar 19, 2026",0x06b56132a4871ed2b30a9e1c111a4eb8f263954c2ab7e67a771a88ce1148b8cb,0x0516b89aeb41f328ab8bc20f8379fdaaa1b93916dfe39306e7a479d1d62f751c,Brove,3.4587638860342107,3742345102.3399706,14,1,17,17,8
"Mar 19, 2026",0x020c69ca2574ce216956b19150f84980b42c3274a9fa1599f32e98df590b9fe8,0x05d07d9f64be843eb189f898200ab5ed66663d2db5523ce6f90b43654462ee66,Jokers of Neon,2.9858741539384077,3178842182.7985115,855,5,856,856,854
"Mar 19, 2026",0x0372f78538763e8bc8d8b00e78f7f3632e373f315c963324442a139007d7c1ba,0x05b4ff547559e1b0681e8f62a0d420f83009a6491f4927f3f158b932abff5f7f,POW!,2.9515988276635428,3165004527.97535,2452,4,0,3677,280
"Mar 19, 2026",0x002e4fbe1c458eb6ec7a5b15d78674bb6fbfd5872aca0fe920d462bd6fb8ed0b,0x01583919ffd78e87fa28fdf6b6a805fe3ddf52f754a63721dcd4c258211129a6,Nostra,2.700431598758366,2170378799.472518,33,21,0,139,33
"Mar 19, 2026",0x00c12f7c0a0bf73e3675345a8d28d26c83db3b13605f2aa33cba8344a0f582b5,0x02e0af29598b407c8716b17f6d2795eca1b471413fa03fb145a5e33722184067,Ekubo,2.4788933459976503,2638079872.652115,384,33,74,2618,384
"Mar 19, 2026",0x002e4fbe1c458eb6ec7a5b15d78674bb6fbfd5872aca0fe920d462bd6fb8ed0b,0x042543c7d220465bd3f8f42314b51f4f3a61d58de3770523b281da61dbf27c8a,Nostra,2.0587792766168382,1225212464.6585736,44,35,2,249,44
"Mar 19, 2026",0x05811dfbc1f38392aa3e9580178ee2b5bf48fe9ee421ba709625e447d51bfe76,0x005e470ff654d834983a46b8f29dfa99963d5044b993cb7b9c92243a69dab38f,Ekubo,2.03860603845459,2145818098.0488951,567,169,0,1278,567
"Mar 19, 2026",0x002e4fbe1c458eb6ec7a5b15d78674bb6fbfd5872aca0fe920d462bd6fb8ed0b,0x01a2de9f2895ac4e6cb80c11ecc07ce8062a4ae883f64cb2b1dc6724b85e897d,Nostra,1.845942007505378,1372069623.9897285,22,14,0,123,22
"Mar 19, 2026",0x02517d8839beef1dd5c901257cc01530dfff37bad76b72fea8c8985bf11125ca,0x029023e0a455d19d6887bc13727356070089527b79e6feb562ffe1afd6711dbe,Loot Survivor,1.5645379819947194,1664460454.8428552,4666,38,1,4750,4666
"Mar 19, 2026",0x02517d8839beef1dd5c901257cc01530dfff37bad76b72fea8c8985bf11125ca,0x016f9def00daef9f1874dd932b081096f50aec2fe61df31a81bc5707a7522443,Loot Survivor,1.5164056563662938,1615072815.2645714,4652,46,1,4694,4652
"Mar 19, 2026",0x03a4008a3e868c3545b61a38b054f054c22a9c8f242eeeaa536c7d9c2226694b,0x059a943ca214c10234b9a3b61c558ac20c005127d183b86a99a8f3c60a08b4ff,Nostra,1.4263975182896873,1524271703.2963064,189,44,0,5355,189
"Mar 19, 2026",0x0261e2522908ec7d5fde00d3c0f83c90ec9caa1f3d12cd5be913e2ce55dcf8cb,0x03704c751314e87f871e63bfbaf2e43db895fc51b7d4c967cd3082e21a1d629f,Ejara,1.269911459283501,1348254808.7853088,1799,1,1799,1799,1799
"Mar 19, 2026",0x0743c83c41ce99ad470aa308823f417b2141e02e04571f5c0004e743556e7faf,0x02e4727dfc9f4a6a0c8cee69c6987f487637ccd5e220808fd975bf267cf70431,LootRealms,0.9884702152149791,1063834645.9434701,105,1,105,105,105
"Mar 19, 2026",0x05ac1d8735a2db9dc798b4ac457357d2b36559aa7a174e84f7ec88654d123f26,0x0103eafe79f8631932530cc687dfcdeb013c883a82619ebf81be393e2953a87a,Loot Survivor,0.9089697577394381,969013241.8976368,100,41,10,178,100
"Mar 19, 2026",0x062c6e1d7bd892e63a3514c672e9cfe63bfb647fac4eccc54517f135c25750ee,0x000d8d6dfec4d33bfb6895de9f3852143a17c6f92fd2a21da3d6924d34870160,Vesu,0.8411178805730184,896292647.9821208,80,5,0,80,80
"Mar 19, 2026",0x05d1b28890a519dcbb350bd0e422627299243921103cead25960d70b9b73f4fc,0x057b14a4231b82f1e525ff35a722d893ca3dd2bde0baa6cee97937c5be861dbc,atomiq.exchange,0.761622675103392,814319577.4985023,142,3,134,142,142
"Mar 19, 2026",0x074aad3c412b1d7c05f720abfd39adc709b8bf8a8c7640e50505a9436a6ff0cf,0x063d69ae657bd2f40337c39bf35a870ac27ddf91e6623c2f52529db4c1619a51,Nostra,0.705523923917416,756240416.9793559,166,34,10,2589,166
"Mar 19, 2026",0x02517d8839beef1dd5c901257cc01530dfff37bad76b72fea8c8985bf11125ca,0x049eaed2a1ba2f2eb6ac2661ffd2d79231cdd7d5293d9448df49c5986c9897ae,Loot Survivor,0.6743463414371182,718369093.8310322,1031,37,0,1045,1031
"Mar 19, 2026",0x072ddc6cc22fb26453334e9cf1cbb92f12d2946d058e2b2b571c65d0f23d6516,0x02cb02c72e8a0975e69e88298443e984d965a49eab38f5bdde1f5072daa09cfe,Starknet Staking,0.633894066630381,675967519.0357095,191,97,72,215,191
"Mar 19, 2026",0x04b1651ce08651a821bcb548f0d0a8a824b92959081e80e258b3a2b5094ca3f0,0x06b734db9fd1244f26622204a89dc6e212620f1413ec8cbc46f2c0bb53fc7deb,Starknet,0.5901763959859163,627426034.4758183,68,1,68,68,68
"Mar 19, 2026",0x0358663e6ed9d37efd33d4661e20b2bad143e0f92076b0c91fe65f31ccf55046,0x073314940630fd6dcda0d772d4c972c4e0a9946bef9dabf4ef84eda8ef542b82,StarkGate,0.576817631688996,14017879.469741588,12,6,10,10,10
"Mar 19, 2026",0x0514718bb56ed2a8607554c7d393c2ffd73cbab971c120b00a2ce27cc58dd1c1,0x07a6f98c03379b9513ca84cca1373ff452a7462a3b61598f0af5bb27ad7f76d1,10kswap,0.5765646739090771,410115511.3084192,262,135,6,265,262
"Mar 19, 2026",0x04e40639b8104b510a4522442ca55e7029406e5cdb140707f78ee82e98599b9f,0x01c3c8284d7eed443b42f47e764032a56eaf50a9079d67993b633930e3689814,Loot Survivor,0.4654160485732802,496821359.299074,117,45,10,201,117
"Mar 19, 2026",0x01a736d6ed154502257f02b1ccdf4d9d1089f80811cd6acad48e6b6a9d1f2003,0x019252b1deef483477c4d30cfcc3e5ed9c82fafea44669c182a45a01b4fdb97a,Layerswap,0.45265367789814454,481806947.5219282,445,1,0,890,445
"Mar 19, 2026",0x0231adde42526bad434ca2eb983efdd64472638702f87f97e6e3c084f264e06f,0x000023c72abdf49dffc85ae3ede714f2168ad384cc67d08524732acea90df325,10kswap,0.427014508894329,380511829.03523207,154,63,3,316,154
"Mar 19, 2026",0x0242c26b828af0e6dbef60b84e300a257c81c990c52cf0486a39c061e701e23a,0x06428ec3221f369792df13e7d59580902f1bfabd56a81d30224f4f282ba380cd,Opus,0.42665007312543324,454657042.3189703,37,2,0,668,37
"Mar 19, 2026",0x037d63129281c4c42cba74218c809ffc9e6f87ca74e0bdabb757a7f236ca59c3,0x01c9232b8186d9317652f05055615f18a120c2ad9e5ee96c39e031c257fb945b,Re7 Labs,0.40210246458017856,427714069.6390204,75,1,75,117,75
"Mar 19, 2026",0x076efa96ef2751327b7644a27add6147be009724e1ad9a2290e67a718c4b7903,0x043e447f2008d7c24267524b9858f793851381d90a8780c1b31d62500ae26009,Brove,0.39785460764835295,420076674.5892834,406,1,406,406,406
"Mar 19, 2026",0x06cb284a6d8ef16b86856d753e3655406f9ff86f4d8e4f22479f2d739fbb4df2,0x00f6f4cf62e3c010e0ac2451cc7807b5eec19a40b0faacd00cca3914280fdf5a,Fibrous,0.3978180640048334,424634542.5616767,4,2,1,70,4
"Mar 19, 2026",0x02eb0fc47912fe0997d82d8c66aad672cfd8b3ec56161d42e3059c3443603f71,0x0359550b990167afd6635fa574f3bdadd83cb51850e1d00061fe693158c23f80,Jediswap,0.36455222075620103,388817418.3340577,14,10,1,48,14
"Mar 19, 2026",0x02517d8839beef1dd5c901257cc01530dfff37bad76b72fea8c8985bf11125ca,0x016dea82a6588ca9fb7200125fa05631b1c1735a313e24afe9c90301e441a796,Loot Survivor,0.357844025492636,381510220.05775136,402,34,1,418,402
"Mar 19, 2026",0x009f9205f50528a4c6308c69c675c14e65f31c72b1f7f1d2375d04fae1eec546,0x0124aeb495b947201f5fac96fd1138e326ad86195b98df6dec9009158a533b49,Eternum,0.3277038458647819,351704656.6499071,103,18,12,1009,103
"Mar 19, 2026",0x074aad3c412b1d7c05f720abfd39adc709b8bf8a8c7640e50505a9436a6ff0cf,0x024e9b0d6bc79e111e6872bb1ada2a874c25712cf08dfc5bcf0de008a7cca55f,Nostra,0.2889483112761704,309912235.2841776,154,30,2,1276,154
"Mar 19, 2026",0x07fb1aa680d9c02e1017d5ed048612630c30d11991d43b3e4e7a22531621cd5c,0x047472e6755afc57ada9550b6a3ac93129cc4b5f98f51c73e0644d129fd208d9,Carmine Options,0.2802892207380582,301077844.2112024,7,4,6,9,7
"Mar 19, 2026",0x03b6c6b615ff3df037d5fdad054b62ad89092149958b1500c1d281fd6f2fd14b,0x04b64b2f861d2ac56cee58a02d8474d83dc16cc84ecd8d3ef2024f70aed92378,Nostra,0.24485467187870388,262765569.15540698,125,18,0,221,125
"Mar 19, 2026",0x037ee302be6f4e4f166c90662fa346241667da86d6690d7704d96b790eb796cf,0x0498edfaf50ca5855666a700c25dd629d577eb9afccdf3b5977aec79aee55ada,Opus,0.23669593407662656,251468606.9655486,154,14,1,2246,154
"Mar 19, 2026",0x03b6c6b615ff3df037d5fdad054b62ad89092149958b1500c1d281fd6f2fd14b,0x00d8621fa1f45928c462a6db8e78b5a4bb09b6032ba2344707204757cc2adfe3,Nostra,0.18217423696511822,195505637.9602888,97,17,0,165,97
"Mar 19, 2026",0x029fd83b01f02b45987dfb9652633cd0f1f64a0f36403ab1fed7bd99642fa474,0x05dcd26c25d9d8fd9fc860038dcb6e4d835e524eb8a85213a8cda5b7fff845f6,Nostra,0.18070094478888943,193254993.84692264,166,34,12,1016,166
"Mar 19, 2026",0x05f06dcb8ef65dd934ba261e6f5ddc03ad3707a028236289feef4ef451f01a52,0x028d709c875c0ceac3dce7065bec5328186dc89fe254527084d1689910954b0a,Endur,0.16746607091910404,178545911.09470436,139,62,50,569,139
"Mar 19, 2026",0x01b2df6d8861670d4a8ca4670433b2418d78169c2947f46dc614e69f333745c8,0x02ceed65a4bd731034c01113685c831b01c15d7d432f71afb1cf1634b53a2125,Universal Deployer,0.1289459332943926,137219005.89661857,292,26,288,299,292
"Mar 19, 2026",0x029fd83b01f02b45987dfb9652633cd0f1f64a0f36403ab1fed7bd99642fa474,0x002fc2d4b41cc1f03d185e6681cbd40cced61915d4891517a042658d61cba3b1,Nostra,0.12741147344487144,136420049.11702016,94,22,0,822,94
"Mar 19, 2026",0x0358663e6ed9d37efd33d4661e20b2bad143e0f92076b0c91fe65f31ccf55046,0x074761a8d48ce002963002becc6d9c3dd8a2a05b1075d55e5967f42296f16bd0,StarkGate,0.12731951765099944,3785982.720825274,2,2,2,2,2
"Mar 19, 2026",0x0337f32bd5fccef2b67d2c620a8d31abccd5960c37f0c0b58d5e5327fac7e6b7,0x0038925b0bcf4dce081042ca26a96300d9e181b910328db54a6c89e5451503f5,Haiko,0.12477122698547101,133303471.28891255,5,5,0,5,5
"Mar 19, 2026",0x04f9849485e35f4a1c57d69b297feda94e743151f788202a6d731173babf4aec,0x05ef8800d242c5d5e218605d6a10e81449529d4144185f95bf4b8fb669424516,Nostra,0.12152527656607798,106101738.20212239,82,56,0,334,82
"Mar 19, 2026",0x05ffbcfeb50d200a0677c48a129a11245a3fc519d1d98d76882d1c9a1b19c6ed,0x075afe6402ad5a5c20dd25e10ec3b3986acaa647b77e4ae24b0cbc9a54a27a87,Ekubo,0.11873481637571827,112431951.21483187,413,178,18,1821,413
"Mar 19, 2026",0x025ab0e73e56b2c4f3290605e4152e98ca5c98118097f4be50237964d23a78d6,0x0603cf837055c64d026a3c5a9e3a83036cea6c4a3f68a9e19f7a687d726fe817,Influence,0.10988470601416234,1897691.6675378988,2,1,2,2,2
"Mar 19, 2026",0x04f9849485e35f4a1c57d69b297feda94e743151f788202a6d731173babf4aec,0x07ae43abf704f4981094a4f3457d1abe6b176844f6cdfbb39c0544a635ef56b0,Nostra,0.09243683881817695,91830015.8180018,92,42,0,407,92
"Mar 19, 2026",0x029fd83b01f02b45987dfb9652633cd0f1f64a0f36403ab1fed7bd99642fa474,0x0453c4c996f1047d9370f824d68145bd5e7ce12d00437140ad02181e1d11dc83,Nostra,0.09045206935667534,96579044.15109324,154,30,4,643,154
"Mar 19, 2026",0x04f9849485e35f4a1c57d69b297feda94e743151f788202a6d731173babf4aec,0x068400056dccee818caa7e8a2c305f9a60d255145bac22d6c5c9bf9e2e046b71,Nostra,0.0900091349360233,92414918.97527519,99,72,0,425,99
"Mar 19, 2026",0x03b6c6b615ff3df037d5fdad054b62ad89092149958b1500c1d281fd6f2fd14b,0x002bebc40e96b6f2247cc1992d720aed76d9edd7ee9c68cc949deea54defb965,Nostra,0.07752434606557392,83196941.99072751,46,13,0,73,46
"Mar 19, 2026",0x0608417939ea23747b180be2919f543d4c94ee7a2759511f80bbdfc2ffed410e,0x07d83b8842d2074a31926a59e942e4f39f879cac52e0f7c28b77240301a8bb6d,Brove,0.07369309616740326,79202234.00847857,23,16,1,32,23
"Mar 19, 2026",0x029fd83b01f02b45987dfb9652633cd0f1f64a0f36403ab1fed7bd99642fa474,0x057146f6409deb4c9fa12866915dd952aa07c1eb2752e451d7f3b042086bdeb8,Nostra,0.07313790211087107,77519004.98422514,156,30,2,510,156
"Mar 19, 2026",0x074aad3c412b1d7c05f720abfd39adc709b8bf8a8c7640e50505a9436a6ff0cf,0x00ba3037d968790ac486f70acaa9a1cab10cf5843bb85c986624b4d0e5a82e74,Nostra,0.064443486702414,69036993.46007313,156,30,0,574,156
"Mar 19, 2026",0x07f1c7e439328634d159aeb68f1b40b74f7a05da3832515561e77aadaf57a591,0x075ac198e734e289a6892baa8dd14b21095f13bf8401900f5349d5569c3f6e60,StarkGate,0.06138867180894272,1330202.5466143277,1,1,1,1,1
"Mar 19, 2026",0x03836d91365026d9b4a91ca788e1c3551fa2b222e5ece5bf445e8d66c9c56766,0x067eb1988556edd7543a3c9ee24cc078be35fd49f0b7f264cc0434aeb6dfb09e,StarkGate,0.06103628539954135,1211876.7317656437,1,1,1,1,1
"Mar 19, 2026",0x0231adde42526bad434ca2eb983efdd64472638702f87f97e6e3c084f264e06f,0x017e9e62c04b50800d7c59454754fe31a2193c9c3c6c92c093f2ab0faadf8c87,10kswap,0.053393592892038294,46490891.73793684,53,42,0,104,53
"Mar 19, 2026",0x00757b0a734118b77ca0ef8298c904dc4d6dd1112a74b89f762e64578c5dd61e,0x07558a9da2fac57f5a4381fef8c36c92ca66adc20978063982382846f72a4448,Opus,0.05254744317839238,55949076.70972133,48,1,48,48,48
"Mar 19, 2026",0x002e4fbe1c458eb6ec7a5b15d78674bb6fbfd5872aca0fe920d462bd6fb8ed0b,0x0362ec0c49a9c8f2d322d0ba6a8ec1214b9e4f7e80a17d462ec2585362547d95,Nostra,0.05246921577850013,16234301.84032932,4,4,0,24,4
"Mar 19, 2026",0x029fd83b01f02b45987dfb9652633cd0f1f64a0f36403ab1fed7bd99642fa474,0x0360f9786a6595137f84f2d6931aaec09ceec476a94a98dcad2bb092c6c06701,Nostra,0.05078169038999347,54371273.68944114,38,13,0,326,38
"Mar 19, 2026",0x0358663e6ed9d37efd33d4661e20b2bad143e0f92076b0c91fe65f31ccf55046,0x05cd48fccbfd8aa2773fe22c217e808319ffcc1c5a6a463f7d8fa2da48218196,StarkGate,0.05031579863199238,4164394.434932635,8,8,0,8,8
"Mar 19, 2026",0x0358663e6ed9d37efd33d4661e20b2bad143e0f92076b0c91fe65f31ccf55046,0x0594c1582459ea03f77deaf9eb7e3917d6994a03c13405ba42867f83d85f085d,StarkGate,0.049347824150915716,968015.3148614609,3,1,1,1,1
"Mar 19, 2026",0x022837e805f6ebd2fc819b38d17dba57f07d4ff2ac3e931afba60393dc1ef7c3,0x04dd39de0a588f5e1c7a8377e1bef2c49caaee49a11433429d2c48f587b3a492,ForgeYields,0.04838696422035442,51747764.709661156,2,1,2,2,2
"Mar 19, 2026",0x0655ed27f19070cdbc6815b1eabb10653e03564a4ec83df289d464b9a111fdec,0x050707bc3b8730022f10530c2c6f6b9467644129c50c2868ad0036c5e4e9e616,ForgeYields,0.04737845774908783,51263887.517884865,3,2,3,3,3
"Mar 19, 2026",0x0684028bba86bf6c2b979f3d6ad2cfcc07943cff5bfa31368e4b65b4c6a554c8,0x07fdcec0cef01294c9c3d52415215949805c77bae8003702a7928fd6d2c36bc1,ForgeYields,0.04564667496274491,48737427.292399615,2,1,2,2,2
"Mar 19, 2026",0x01c055a12da08c9b0f179364545124c3ae2418530552001cf2451423dae5dbad,0x07346e65e80eb61cdfcc56f6f21de07b312e93fe770fb17a6e43c1950acfdbab,Uncap,0.03306262499279526,35175392.09107496,3,2,3,3,3
"Mar 19, 2026",0x037d63129281c4c42cba74218c809ffc9e6f87ca74e0bdabb757a7f236ca59c3,0x04ce3024b0ee879009112d7b0e073f8a87153dd35b029347d4247ffe48d28f51,Re7 Labs,0.031173557525118804,33384992.23907873,5,1,5,7,5
"Mar 19, 2026",0x037d63129281c4c42cba74218c809ffc9e6f87ca74e0bdabb757a7f236ca59c3,0x01248e385c23a929a015ec298a26560fa7745bbd6e41a886550e337b02714b1b,Re7 Labs,0.028717390025806217,30491255.984216653,6,1,6,8,6
"Mar 19, 2026",0x074aad3c412b1d7c05f720abfd39adc709b8bf8a8c7640e50505a9436a6ff0cf,0x0491480f21299223b9ce770f23a2c383437f9fbf57abc2ac952e9af8cdb12c97,Nostra,0.02571575377167042,27488918.093046945,150,28,1,416,150
"Mar 19, 2026",0x07d932bada070262a966bf3bdbd41fecf4d69d9c00c03e674d92d69b2dc7a022,0x00c318445d5a5096e2ad086452d5c97f65a9d28cafe343345e0fa70da0841295,Nostra,0.024715744086331017,25510970.657840446,7,7,0,38,7
"Mar 19, 2026",0x029fd83b01f02b45987dfb9652633cd0f1f64a0f36403ab1fed7bd99642fa474,0x05b7d301fa769274f20e89222169c0fad4d846c366440afc160aafadd6f88f0c,Nostra,0.024669741518847287,26389716.923689336,150,28,1,409,150
"Mar 19, 2026",0x029fd83b01f02b45987dfb9652633cd0f1f64a0f36403ab1fed7bd99642fa474,0x01fecadfe7cda2487c66291f2970a629be8eecdcb006ba4e71d1428c2b7605c7,Nostra,0.020609906678350418,21797163.78669639,13,10,0,94,13
"Mar 19, 2026",0x04d6caf7dc0e10f58b38e89b2f029535e02ae133495c61c55f3c55506010913b,0x06716836514e75e9f4eaa0fe93aa0448480a321b669041d6b5f27aa75374ac66,Uncap,0.01957145536397295,20821701.105494652,3,2,0,3,3
"Mar 19, 2026",0x00af217ac88042025de06ba64d713509e287c4bab56234826083432e2ec58a52,0x02d1e95661e7726022071c06a95cdae092595954096c373cde24a34bb3984cbf,Opus,0.01842173087787991,19631892.336998574,35,1,0,35,35
"Mar 19, 2026",0x00af217ac88042025de06ba64d713509e287c4bab56234826083432e2ec58a52,0x05bc1c8a78667fac3bf9617903dbf2c1bfe3937e1d37ada3d8b86bf70fb7926e,Opus,0.018421730877879905,19631892.336998574,35,1,0,35,35
"Mar 19, 2026",0x00af217ac88042025de06ba64d713509e287c4bab56234826083432e2ec58a52,0x031a96fe18fe3fdab28822c82c81471f1802800723c8f3e209f1d9da53bc637d,Opus,0.01688658663805658,17995901.308915358,35,1,0,35,35
"Mar 19, 2026",0x00af217ac88042025de06ba64d713509e287c4bab56234826083432e2ec58a52,0x0315ce9c5d3e5772481181441369d8eea74303b9710a6c72e3fcbbdb83c0dab1,Opus,0.01688658663805658,17995901.30891536,35,1,0,35,35
"Mar 19, 2026",0x04f9849485e35f4a1c57d69b297feda94e743151f788202a6d731173babf4aec,0x052b136b37a7e6ea52ce1647fb5edc64efe23d449fc1561d9994a9f8feaa6753,Nostra,0.015355629663184971,16203771.557652362,19,16,0,85,19
"Mar 19, 2026",0x05ad546a6c28eb16584335a4f717918199ffde7e722131ef518df23ec55a34d4,0x07b696af58c967c1b14c9dde0ace001720635a660a8e90c565ea459345318b30,Ekubo,0.014692961668438646,15640361.592360124,386,35,2,847,386
"Mar 19, 2026",0x074aad3c412b1d7c05f720abfd39adc709b8bf8a8c7640e50505a9436a6ff0cf,0x066037c083c33330a8460a65e4748ceec275bbf5f28aa71b686cbc0010e12597,Nostra,0.014190330067727956,15239833.269695964,150,28,0,400,150
"Mar 19, 2026",0x029fd83b01f02b45987dfb9652633cd0f1f64a0f36403ab1fed7bd99642fa474,0x04f18ffc850cdfa223a530d7246d3c6fc12a5969e0aa5d4a88f470f5fe6c46e9,Nostra,0.013573924933364245,14570155.675107174,150,28,0,398,150
"Mar 19, 2026",0x010999af7972d4e1cff67953bb407dd1401052534c268d4600cf7f302cca9e88,0x00c530f2c0aa4c16a0806365b0898499fba372e5df7a7172dc6fe9ba777e8007,Nostra,0.01324808307089814,13788130.930421883,28,23,10,165,28
"Mar 19, 2026",0x030cdf64bacc2779e2f207b3992de1c2e5036b9e87c22eb60319ae25f1a73077,0x02bcaef2eb7706875a5fdc6853dd961a0590f850bc3a031c59887189b5e84ba1,Re7 Labs,0.011722891030101233,12541043.230771244,3,1,3,3,3
"Mar 19, 2026",0x0075f5d9f0d7a9d9c9de62594dae053feb990f6e70e978fdda1dc8abf2b1acdf,0x001ba4a9e2e86a41c6ed15016eda0404d12bf7b01052cccff1ace84d818335c7,Uncap,0.011307205689592257,11967644.8551963,6,3,3,9,6
"Mar 19, 2026",0x0079c62b9e8e26527d1cfd9721e4bbe82a181212d8c4ce0bd9ef36214fe53653,0x04d0bb0a4c40012384e7c419e6eb3c637b28e8363fb66958b60d90505b9c072f,Opus,0.01082483221035517,11395159.721627085,3,1,3,3,3
"Mar 19, 2026",0x05973b1bed1f0a20a9125fac8ec5499f29f44bb70d9c465658c0da20ca9b75f3,0x04f5e0de717daa6aa8de63b1bf2e8d7823ec5b21a88461b1519d9dbc956fb7f2,Spiko,0.00937743853271389,10089996.642395789,6,5,6,8,5
"Mar 19, 2026",0x06e150953b26271a740bf2b6e9bca17cc52c68d765f761295de51ceb8526ee72,0x0477a98816f0298d678a8c74bd06e898ee4e3bb62fdb9bb05c397f3135ae8398,Uncap,0.00864789840352389,9337970.18085406,5,1,0,10,5
"Mar 19, 2026",0x01069ccc8864027bd123810ccb47917b57e09723fc28f06797cec4064709e8ab,0x0780627de12ac84a7887b7f83496a8ece5ea3c5eb7170f9f00587dabfdbe18d1,Uncap,0.008242223980699643,8744904.28855299,6,3,0,16,6
"Mar 19, 2026",0x0743c83c41ce99ad470aa308823f417b2141e02e04571f5c0004e743556e7faf,0x00594d857f23ba0bb3b5820b2f24af943be6102d73b92228f8ac60f9ab364f36,LootRealms,0.007835139184264464,8487576.692433098,2,1,2,2,2
"Mar 19, 2026",0x0386d92966f0908ded021f3959610dc52a605922387e0847df45832c046a79bd,0x0142af5b6c97f02cac9c91be1ea9895d855c5842825cb2180673796e54d73dc5,Nostra,0.007533928850612562,8089693.182684502,150,28,0,409,150
"Mar 19, 2026",0x06afa2f21a611f8b4a77ef681a9eb0c7cd6e52aa918e7f8b4b8142b4ca1bde49,0x01325caf7c91ee415b8df721fb952fa88486a0fc250063eafddd5d3c67867ce7,Nostra,0.006973849189868771,7486314.573586638,11,3,0,44,11
"Mar 19, 2026",0x03b6c6b615ff3df037d5fdad054b62ad89092149958b1500c1d281fd6f2fd14b,0x00365a0163903df975000160ff8f4480fda4d903c9d5a0643cd13908ecb41f28,Nostra,0.006778819281089107,7308458.461891523,3,2,0,6,3
"Mar 19, 2026",0x06e76eff72707fe9cd5d89b266532909fcac5196cc7500cc3eb5ffc77b4454a7,0x01f083b98674bc21effee29ef443a00c7b9a500fd92cf30341a3da12c73f2324,Troves,0.006717986708452175,7252691.440554064,1,1,1,2,1
"Mar 19, 2026",0x076b533a863ea90cc391c5226ec5d5b6466bfeb0721d6c970d3b627a18de720d,0x05f296e1b9f4cf1ab452c218e72e02a8713cee98921dad2d3b5706235e128ee4,Nostra,0.006500986353710501,6977027.927383813,150,28,0,396,150
"Mar 19, 2026",0x076b533a863ea90cc391c5226ec5d5b6466bfeb0721d6c970d3b627a18de720d,0x0514bd7ee8c97d4286bd481c54aa0793e43edbfb7e1ab9784c4b30469dcf9313,Nostra,0.0065009863537105,6977027.927383817,150,28,0,396,150
"Mar 19, 2026",0x076b533a863ea90cc391c5226ec5d5b6466bfeb0721d6c970d3b627a18de720d,0x044debfe17e4d9a5a1e226dabaf286e72c9cc36abbe71c5b847e669da4503893,Nostra,0.0065009863537104995,6977027.927383816,150,28,0,396,150
"Mar 19, 2026",0x076b533a863ea90cc391c5226ec5d5b6466bfeb0721d6c970d3b627a18de720d,0x005c4676bcb21454659479b3cd0129884d914df9c9b922c1c649696d2e058d70,Nostra,0.006500986353710497,6977027.927383817,150,28,0,396,150
"Mar 19, 2026",0x04f9849485e35f4a1c57d69b297feda94e743151f788202a6d731173babf4aec,0x07f232e7857effe04f7351e9bb2f1ebc2589bacca3380ae84efcc22067c1436e,Nostra,0.005796953717298205,5577387.831667978,8,8,0,46,8
"Mar 19, 2026",0x04f9849485e35f4a1c57d69b297feda94e743151f788202a6d731173babf4aec,0x03d51776d3ce07c211d5dbdf40a9333ec6d6d3a0b2853de1d6706f9ea3b88d45,Nostra,0.0054964108684538646,5850743.629730512,6,2,0,9,6
"Mar 19, 2026",0x04f9849485e35f4a1c57d69b297feda94e743151f788202a6d731173babf4aec,0x03f8c9062f1bfe45f82cd70ed97ff053bc5836783ec66adfe3288eb1b43aa83b,Nostra,0.005374382825363733,5717489.527136632,6,2,0,11,6
"Mar 19, 2026",0x04f9849485e35f4a1c57d69b297feda94e743151f788202a6d731173babf4aec,0x0285aa1c4bbeef8a183fb7245f096ddc4c99c6b2fedd1c1af52a634c83842804,Nostra,0.00519180040233184,5495233.401841299,7,5,0,26,7
"Mar 19, 2026",0x02e977279dc9c17cf8ac24fdda54e910843ded14c24f5b9a1aec03d0f08a1835,0x0586fc03b4e6901ef423890c19e8fcf528a269329ab23ff7cb2df975ec3d4d62,Uncap,0.005068114047971781,5392460.962204249,3,2,0,12,3
"Mar 19, 2026",0x036225e72f257920de8a7334037e77fcef0c787f73a26e65a2a64f2fb82d6853,0x04619e9ce4109590219c5263787050726be63382148538f3f936c22aa87d2fc2,Nostra,0.004141957204765944,4464484.130710585,27,4,0,89,27
"Mar 19, 2026",0x03b6c6b615ff3df037d5fdad054b62ad89092149958b1500c1d281fd6f2fd14b,0x05a039ff36caf644c6f736c4afb82a7076904a99da4e3ff0a7da57b4017f8d39,Nostra,0.0037779352240353324,4041165.219903931,4,3,0,4,4
"Mar 19, 2026",0x054262acdda5a51fb77b3d7a3e977cfe056f34faf5e75e793afea58026aa7470,0x076def79cc9a3a375779c163ad12996f99fbeb4acd68d7041529159bde897160,Nostra,0.0030119688154451258,3259051.2249648436,1,1,0,6,1
"Mar 19, 2026",0x073073a6c4b631f49e199e963259398baf150db99bfc15846f43163ec09381c4,0x050ed6ab03aef492cd062e25facf40ceef63294c53d12b514226f8fb4753266e,Ekubo,0.0024235160125655004,2549259.3494725428,4,3,0,5,4
"Mar 19, 2026",0x000a89570d9d299bf7d1091ed0bd044e68fc0f5f997bc415d6e7127b198c272e,0x0618144e41e8b67ee316e696907e4bda28569f300372e41854fd2982d1d528fd,Ejara,0.0023877659532226115,2548243.69531967,1,1,1,1,1
"Mar 19, 2026",0x06248498d24d93ca254fc018991919082866b7f9c9128dcddebd1252a6ad5fe5,0x042a37aa9263b01191286f0f800cc85c676441fb9d27d74bbf3ebcbf4e373d81,Uncap,0.002335864380552347,2480629.4850258445,6,3,0,123,6
"Mar 19, 2026",0x038082dfcc9e1afd67eaabcb9b0cff0646237badf22a494bcfc72532c8fc2249,0x01aa950c9b974294787de8df8880ecf668840a6ab8fa8290bf2952212b375148,Jediswap,0.002277075197263384,2414624.031071605,32,26,0,132,32
"Mar 19, 2026",0x0231adde42526bad434ca2eb983efdd64472638702f87f97e6e3c084f264e06f,0x041a708cf109737a50baa6cbeb9adf0bf8d97112dc6cc80c7a458cbad35328b0,10kswap,0.002205914368759233,2380562.6787804994,1,1,1,3,1
"Mar 19, 2026",0x04f9849485e35f4a1c57d69b297feda94e743151f788202a6d731173babf4aec,0x05ae9c593b2bef20a8d69ae7abf1e6da551481f9efd83d03a9f05b6d7c9a78ec,Nostra,0.0021673990122285064,2067167.0708295708,4,3,0,20,4
"Mar 19, 2026",0x029fd83b01f02b45987dfb9652633cd0f1f64a0f36403ab1fed7bd99642fa474,0x0735d0f09a4e8bf8a17005fa35061b5957dcaa56889fc75df9e94530ff6991ea,Nostra,0.0020920560624885388,2228487.81402033,2,2,0,14,2
"Mar 19, 2026",0x055d4faaa2ec1264799fe2e0689a13d613d1c22398afb9d4ba03d5c5e8b3602a,0x075d9e518f46a9ca0404fb0a7d386ce056dadf57fd9a0e8659772cb517be4a18,Uncap,0.001858151073704816,1968188.763666571,4,3,4,8,4
"Mar 19, 2026",0x05ffbcfeb50d200a0677c48a129a11245a3fc519d1d98d76882d1c9a1b19c6ed,0x00585c32b625999e6e5e78645ff8df7a9001cf5cf3eb6b80ccdd16cb64bd3a34,zkLend,0.0012786014519195071,1357008.7843762455,1,1,0,1,1
"Mar 19, 2026",0x066e6c4b3ff0c038485993ffeb7ff3b176cdf91ee52fb5a6113117874944e08f,0x05dbdedc203e92749e2e746e2d40a768d966bd243df04a6b712e222bc040a9af,Starknet ID,0.0008750507437009018,927376.5066607201,2,2,1,2,2
"Mar 19, 2026",0x03a076d5c163f505a7777bcc14ad1345ab93a4213125a8f3dbbe16f236e0be64,0x021bcb191263cd28357465f9388570465f330724fe2a9a085fb372c7356226dc,Dmail Network,0.0006325511201655096,671759.4690474009,3,2,2,3,3
"Mar 19, 2026",0x054ee7a431cd9c0bd7bec010b623e9f945be8244fa926a405b1c34a574cc44bd,0x05a98d258b4cc6c8b8b654fa1ee36146c79e8c5315a610d7ee03df9b4b27a11e,Uncap,0.00048241411879015774,513426.80649833346,2,2,0,2,2
"Mar 19, 2026",0x05975305aa676314b830ec9c3fe56324e06341d943a3e22c28f9eb715c5a3ca4,0x04a1e17f1e4d5fdd839fa6a4c52a742b9d10871028b6ffcfb2f1de8dd5dc2cd4,Uncap,0.00031414456267723546,334320.4018459912,3,2,0,5,3
"Mar 19, 2026",0x0055373ed0e387ba6117b7bf65fa4a67af582f8de4e2a20cc75669d26ddb2df3,0x01c0a36e26a8f822e0d81f20a5a562b16a8f8a3dfd99801367dd2aea8f1a87a2,10kswap,0.00021822511342766047,233667.04199569928,6,5,0,6,6
"Mar 19, 2026",0x07ad19eba012a12147cd91b475c22d75c47b6f59eb09ed18c27bb967477073ce,0x066e3e2ea2095b2a0424b9a2272e4058f30332df5ff226518d19c20d3ab8e842,Opus,0.00021183135469717267,225972.2991689751,1,1,0,1,1
"Mar 19, 2026",0x010151e4373357fabb6af76bb0801584cb4349979d0f4dfbf2138b332158dc2e,0x04369e47e647ab5fc4d36cee26590276b99a89a83fc3306462d21d366611fde3,Influence,0.00018800104473869368,200077.62387409605,3,1,0,6,3
"Mar 19, 2026",0x03de80d973a1dd17133559d2c81d74cdfde6a03b56d3784e7647d1aa98be88e0,0x06914f468ba28ad42149db6ed642c3c4f123a2c91f3e569d02e90881531c960e,Uncap,0.00012708599391491902,135178.31110253336,3,2,0,8,3
"Mar 19, 2026",0x064de9531932fbfb3959d0ebccf9b513ec3f2231e4f83383968af1babe603ab6,0x02a93ef8c7679a5f9b1fcf7286a6e1cadf2e9192be4bcb5cb2d1b39062697527,Nostra,0.0000603711342588758,65184.92783428269,3,2,0,3,3
"Mar 19, 2026",0x03dc4b60695e8cd02ad357f4f6c7c3ee287adf145c1998b3c7d34dee41923ac6,0x0241b9c4ce12c06f49fee2ec7c16337386fa5185168f538a7631aacecdf3df74,Influence,0.00004396856661727709,47357.103517636075,1,1,0,2,1
"Mar 18, 2026",0x06687c0fc694b797e8a33c286ecc5a0da59faa2703b36c209a4301a4ed74ea53,0x062da0780fae50d68cecaa5a051606dc21217ba290969b302db4dd99d2e9b470,Extended,2608.9765120703073,2663365461300.317,83887,4013,127288,142397,13216
"Mar 18, 2026",0x00622e1d5971e4f99f8b3d6c9ed39738deebb61deea94acff22f70ebcc3537ef,0x06f7c4350d6d5ee926b3ac4fa0c9c351055456e75c92227468d84232fc493a9c,Loot Survivor,937.7716658157549,952873189027.4531,46811,56,0,53358,34141
"Mar 18, 2026",0x0429606f5203e9e5f43cfc2fb28023fafed24da6468ff7cf7b0d40b84c3db0bb,0x036017e69d21d6d8c13e266eabb73ef1f1d02722d86bdcabe5f168f8e549d3cd,Loot Survivor,217.61307452400393,221120866305.8692,34890,61,0,213140,34890
"Mar 18, 2026",0x0577604a2611c851e9cfc4da2ba7f7fc1d44a9327cc734d68b2b271340a6551c,0x00000005dd3d2f4429af886cd1a3b08289dbcea99a294197e9eb43b0e0325b4b,Ekubo,191.36496003126365,105891704454.13284,13115,767,0,84887,13115
"Mar 18, 2026",0x055574645f135e0471a71bc1b33d72cea5d5c5072fac01b9822193681603722e,0x0127021a1b5a52d3174c2ab077c2b043c80369250d29428cee956d76ee51584f,AVNU,172.73477433040722,175672514842.2787,71323,46827,71323,71323,71323
"Mar 18, 2026",0x04ad3c1dc8413453db314497945b6903e1c766495a1e60492d44da9c2a986e4b,0x04718f5a0fc34cc1af16a1cdee98ffb20c31f5cd61d6ab07201858f4287c938d,STRK Token,159.98298956974293,160646929855.37012,199641,1300,2396,279427,199641
"Mar 18, 2026",0x0340e435e91cfd5d1a5431783c7a1a995e92f435b717fe9012c1adf81c11cf77,0x01aa95ea66e7e01acf7dc3fda8be0d8661230c4c36b0169e2bab8ab4d6700dfc,Loot Survivor,152.42238594982967,155088881061.30597,14587,65,0,14587,14587
"Mar 18, 2026",0x01098b83039193053357e04788e0849cb28a0d2af2d67de9e52123ef4d267eb4,0x046da8955829adf2bda310099a0063451923f02e648cf25a1203aac6335cf0e4,Loot Survivor,49.47060016135361,50296706511.91092,15577,97,0,190070,15577
"Mar 18, 2026",0x04d6370214accdaac8cc249db34a916c92464235b87cf03641a85889d2f6d8e7,0x02a85bd616f912537c50a49a4076db02c00b29b2cdc8a197ce92ed1837fa875b,Pragma,49.183713347166076,46662480831.23086,1344,184,913,19735,1344
"Mar 18, 2026",0x0012276b8ff0f4c1f5c3a087ddc53a263fda97a5ee784f66bcda65467be5a98c,0x05aed2861d17a82b537528597f6710185088429b1c404bed9751518c87902cba,snapshotX,40.67842783629938,41492088772.419235,2351,1,0,4702,2351
"Mar 18, 2026",0x047f56c4572d11b6847e61de41cb268c3667b0d1b55e14aa183c8d802e5a72ac,0x0377c2d65debb3978ea81904e7d59740da1f07412e30d01c5ded1c5d6f1ddc43,Focus Tree,34.874470728635046,35602632876.6066,67309,43837,0,67511,66917
"Mar 18, 2026",0x06982d79b2c1da29974bb766df7e642960ce61de0c4d6211adf1aa8a16ae32b6,0x051fea4450da9d6aee758bdeba88b2f665bcbf549d2c61421aa724e9ac0ced8f,Cartridge,27.630359490644437,28081355499.54664,46262,102,92523,185045,46262
"Mar 18, 2026",0x0137a5970f752fd80649fb38d684b090decebec4f2853396617e4f2f01e5396a,0x0199741822c2dc722f6f605204f35e56dbc23bceed54818168c4c49e4fb8737e,Ekubo,24.905070665004033,24574230419.31011,8177,401,7583,21282,6197
"Mar 18, 2026",0x0432c02039833e1d0a937e8fbd472181579fbe068a2434dfea0420b3dd800502,0x029edbca81c979decd6ee02205127e8b10c011bca1d337141170095eba690931,Endur,15.955070932896453,16214252681.310593,567,71,290,11479,567
"Mar 18, 2026",0x07f162ee6baa4816cea0e2f25fa6ae0966618355bd752ecde6766e60815621f0,0x04270219d365d6b017231b52e92b3fb5d7c8378b05e9abc97724537a80e93b0f,AVNU,11.456357047160285,11664798139.706587,2179,424,1242,5659,2179
"Mar 18, 2026",0x0182dfcf12cf38789f5937a1b920f0513195131a408716224ac8273f371d9d0a,0x049ff5b3a7d38e2b50198f408fa8281635b5bc81ee49ab87ac36c8324c214427,Nostra,10.546233152818761,7746063691.708794,514,184,31,535,514
"Mar 18, 2026",0x0306288971002bd7906e3a607d504dfb28dcbdc7655a115984e567dce3b67e8f,0x024a55b928496ef83468fdb9a5430fe031ac386b8f62f5c2eb7dd20ef7237415,Pragma,6.378696883444043,6533571313.262754,901,7,0,36200,901
"Mar 18, 2026",0x07e7b6448b503b61d9bdaa834fd647d2e2ed58d01187a9d894e1ec8e6445f3cd,0x0422d33a3638dcc4c62e72e1d6942cd31eb643ef596ccac2351e0e21f6cd4bf4,Influence,5.349498023706055,5411800904.102658,662,17,525,1456,536
"Mar 18, 2026",0x0131e8a1b84559246f3743584740446c28f7fd885d5859d63d2883d1002d80ba,0x043e4f09c32d13d43a880e85f69f7de93ceda62d6cf2581a582c6db635548fdc,Ekubo,4.615138493634576,4590649591.723162,1303,286,0,3767,1303
"Mar 18, 2026",0x078e647e45d1d01f6af14124f5dcc58fccc3a3c888d97169e321e2fbe5488436,0x073f6addc9339de9822cab4dac8c9431779c09077f02ba7bc36904ea342dd9eb,Nostra,4.5215988154853735,4616181249.52625,163,40,0,947,163
"Mar 18, 2026",0x002e4fbe1c458eb6ec7a5b15d78674bb6fbfd5872aca0fe920d462bd6fb8ed0b,0x042543c7d220465bd3f8f42314b51f4f3a61d58de3770523b281da61dbf27c8a,Nostra,4.198153476595724,2985271449.2704163,96,40,2,540,96
"Mar 18, 2026",0x002e4fbe1c458eb6ec7a5b15d78674bb6fbfd5872aca0fe920d462bd6fb8ed0b,0x01583919ffd78e87fa28fdf6b6a805fe3ddf52f754a63721dcd4c258211129a6,Nostra,3.0589006012036837,1713844637.7338963,30,23,1,94,30
"Mar 18, 2026",0x002e4fbe1c458eb6ec7a5b15d78674bb6fbfd5872aca0fe920d462bd6fb8ed0b,0x05e03162008d76cf645fe53c6c13a7a5fce745e8991c6ffe94400d60e44c210a,Nostra,2.929971001534261,2763679137.934724,50,32,1,313,50
"Mar 18, 2026",0x020c69ca2574ce216956b19150f84980b42c3274a9fa1599f32e98df590b9fe8,0x05d07d9f64be843eb189f898200ab5ed66663d2db5523ce6f90b43654462ee66,Jokers of Neon,2.838450040634762,2884370713.033513,747,5,747,747,746
"Mar 18, 2026",0x00c12f7c0a0bf73e3675345a8d28d26c83db3b13605f2aa33cba8344a0f582b5,0x02e0af29598b407c8716b17f6d2795eca1b471413fa03fb145a5e33722184067,Ekubo,2.8378232759611057,2888570069.5878015,458,71,160,2841,458
"Mar 18, 2026",0x02517d8839beef1dd5c901257cc01530dfff37bad76b72fea8c8985bf11125ca,0x029023e0a455d19d6887bc13727356070089527b79e6feb562ffe1afd6711dbe,Loot Survivor,1.8991798587467874,1930347053.460456,5601,44,0,5691,5601
"Mar 18, 2026",0x002e4fbe1c458eb6ec7a5b15d78674bb6fbfd5872aca0fe920d462bd6fb8ed0b,0x01a2de9f2895ac4e6cb80c11ecc07ce8062a4ae883f64cb2b1dc6724b85e897d,Nostra,1.8740580022251152,1868657210.4741848,30,16,2,153,30
"Mar 18, 2026",0x05811dfbc1f38392aa3e9580178ee2b5bf48fe9ee421ba709625e447d51bfe76,0x005e470ff654d834983a46b8f29dfa99963d5044b993cb7b9c92243a69dab38f,Ekubo,1.7840058727135377,1770226655.1602278,732,214,0,1411,732
"Mar 18, 2026",0x02517d8839beef1dd5c901257cc01530dfff37bad76b72fea8c8985bf11125ca,0x016f9def00daef9f1874dd932b081096f50aec2fe61df31a81bc5707a7522443,Loot Survivor,1.6868939044228572,1714775753.5920157,5004,52,0,5051,5004
"Mar 18, 2026",0x0743c83c41ce99ad470aa308823f417b2141e02e04571f5c0004e743556e7faf,0x02e4727dfc9f4a6a0c8cee69c6987f487637ccd5e220808fd975bf267cf70431,LootRealms,1.6795279857346201,1720208397.3924098,149,1,149,149,149
"Mar 18, 2026",0x0358663e6ed9d37efd33d4661e20b2bad143e0f92076b0c91fe65f31ccf55046,0x073314940630fd6dcda0d772d4c972c4e0a9946bef9dabf4ef84eda8ef542b82,StarkGate,1.4906533719847102,34431009.12559857,32,8,24,25,25
"Mar 18, 2026",0x062c6e1d7bd892e63a3514c672e9cfe63bfb647fac4eccc54517f135c25750ee,0x000d8d6dfec4d33bfb6895de9f3852143a17c6f92fd2a21da3d6924d34870160,Vesu,1.3770912641169681,1404800504.8019598,112,9,2,112,112
"Mar 18, 2026",0x0261e2522908ec7d5fde00d3c0f83c90ec9caa1f3d12cd5be913e2ce55dcf8cb,0x03704c751314e87f871e63bfbaf2e43db895fc51b7d4c967cd3082e21a1d629f,Ejara,1.2935371758495111,1320717911.7574308,1759,1,1759,1759,1759
"Mar 18, 2026",0x03a4008a3e868c3545b61a38b054f054c22a9c8f242eeeaa536c7d9c2226694b,0x059a943ca214c10234b9a3b61c558ac20c005127d183b86a99a8f3c60a08b4ff,Nostra,1.1159552066749212,1136842193.7634861,160,40,0,3794,160
"Mar 18, 2026",0x02517d8839beef1dd5c901257cc01530dfff37bad76b72fea8c8985bf11125ca,0x049eaed2a1ba2f2eb6ac2661ffd2d79231cdd7d5293d9448df49c5986c9897ae,Loot Survivor,1.0970417860894186,1114140267.306689,1940,45,0,1970,1940
"Mar 18, 2026",0x05ac1d8735a2db9dc798b4ac457357d2b36559aa7a174e84f7ec88654d123f26,0x0103eafe79f8631932530cc687dfcdeb013c883a82619ebf81be393e2953a87a,Loot Survivor,0.9264018935851874,949101253.443357,115,38,6,153,115
"Mar 18, 2026",0x072ddc6cc22fb26453334e9cf1cbb92f12d2946d058e2b2b571c65d0f23d6516,0x02cb02c72e8a0975e69e88298443e984d965a49eab38f5bdde1f5072daa09cfe,Starknet Staking,0.8210008161829756,834698546.6330765,229,119,84,244,229
"Mar 18, 2026",0x05d1b28890a519dcbb350bd0e422627299243921103cead25960d70b9b73f4fc,0x057b14a4231b82f1e525ff35a722d893ca3dd2bde0baa6cee97937c5be861dbc,atomiq.exchange,0.7572736203488649,775968433.6106308,143,3,135,143,143
"Mar 18, 2026",0x0372f78538763e8bc8d8b00e78f7f3632e373f315c963324442a139007d7c1ba,0x05b4ff547559e1b0681e8f62a0d420f83009a6491f4927f3f158b932abff5f7f,POW!,0.6598535894598607,673570974.379176,445,1,0,644,61
"Mar 18, 2026",0x06cb284a6d8ef16b86856d753e3655406f9ff86f4d8e4f22479f2d739fbb4df2,0x00f6f4cf62e3c010e0ac2451cc7807b5eec19a40b0faacd00cca3914280fdf5a,Fibrous,0.6375158539493693,682107100.8565469,9,4,3,163,9
"Mar 18, 2026",0x06b56132a4871ed2b30a9e1c111a4eb8f263954c2ab7e67a771a88ce1148b8cb,0x0516b89aeb41f328ab8bc20f8379fdaaa1b93916dfe39306e7a479d1d62f751c,Brove,0.6352889240351782,645927728.959214,3,1,3,3,2
"Mar 18, 2026",0x04e40639b8104b510a4522442ca55e7029406e5cdb140707f78ee82e98599b9f,0x01c3c8284d7eed443b42f47e764032a56eaf50a9079d67993b633930e3689814,Loot Survivor,0.625983601257365,634689102.7223064,133,50,6,170,133
"Mar 18, 2026",0x01a736d6ed154502257f02b1ccdf4d9d1089f80811cd6acad48e6b6a9d1f2003,0x019252b1deef483477c4d30cfcc3e5ed9c82fafea44669c182a45a01b4fdb97a,Layerswap,0.5957626879229971,607473995.5582143,559,1,0,1118,559
"Mar 18, 2026",0x0514718bb56ed2a8607554c7d393c2ffd73cbab971c120b00a2ce27cc58dd1c1,0x07a6f98c03379b9513ca84cca1373ff452a7462a3b61598f0af5bb27ad7f76d1,10kswap,0.5687688874378696,369593494.59491503,260,131,4,260,260
"Mar 18, 2026",0x037d63129281c4c42cba74218c809ffc9e6f87ca74e0bdabb757a7f236ca59c3,0x01c9232b8186d9317652f05055615f18a120c2ad9e5ee96c39e031c257fb945b,Re7 Labs,0.5171506074243554,525629928.3817131,85,1,85,139,85
"Mar 18, 2026",0x04b1651ce08651a821bcb548f0d0a8a824b92959081e80e258b3a2b5094ca3f0,0x06b734db9fd1244f26622204a89dc6e212620f1413ec8cbc46f2c0bb53fc7deb,Starknet,0.5143794809055551,519525112.7196286,50,1,50,50,50
"Mar 18, 2026",0x074aad3c412b1d7c05f720abfd39adc709b8bf8a8c7640e50505a9436a6ff0cf,0x063d69ae657bd2f40337c39bf35a870ac27ddf91e6623c2f52529db4c1619a51,Nostra,0.5136686556687133,524278960.42759585,133,32,10,1724,133
"Mar 18, 2026",0x02517d8839beef1dd5c901257cc01530dfff37bad76b72fea8c8985bf11125ca,0x016dea82a6588ca9fb7200125fa05631b1c1735a313e24afe9c90301e441a796,Loot Survivor,0.45112213823035896,458579243.65005124,524,40,0,548,524
"Mar 18, 2026",0x0231adde42526bad434ca2eb983efdd64472638702f87f97e6e3c084f264e06f,0x000023c72abdf49dffc85ae3ede714f2168ad384cc67d08524732acea90df325,10kswap,0.3894612915695472,308356067.3029516,141,64,2,286,141
"Mar 18, 2026",0x05f06dcb8ef65dd934ba261e6f5ddc03ad3707a028236289feef4ef451f01a52,0x028d709c875c0ceac3dce7065bec5328186dc89fe254527084d1689910954b0a,Endur,0.3669290367649917,381493091.7877527,195,67,71,768,195
"Mar 18, 2026",0x0242c26b828af0e6dbef60b84e300a257c81c990c52cf0486a39c061e701e23a,0x06428ec3221f369792df13e7d59580902f1bfabd56a81d30224f4f282ba380cd,Opus,0.3294440045830434,333732679.59500253,26,1,0,494,26
"Mar 18, 2026",0x074aad3c412b1d7c05f720abfd39adc709b8bf8a8c7640e50505a9436a6ff0cf,0x024e9b0d6bc79e111e6872bb1ada2a874c25712cf08dfc5bcf0de008a7cca55f,Nostra,0.31309161161221977,318328372.3914941,128,31,10,964,128
"Mar 18, 2026",0x02eb0fc47912fe0997d82d8c66aad672cfd8b3ec56161d42e3059c3443603f71,0x0359550b990167afd6635fa574f3bdadd83cb51850e1d00061fe693158c23f80,Jediswap,0.2702937165132577,283787468.77881354,14,9,0,40,14
"Mar 18, 2026",0x0337f32bd5fccef2b67d2c620a8d31abccd5960c37f0c0b58d5e5327fac7e6b7,0x0038925b0bcf4dce081042ca26a96300d9e181b910328db54a6c89e5451503f5,Haiko,0.26625794174075157,287129392.59588945,7,5,0,25,7
"Mar 18, 2026",0x0743c83c41ce99ad470aa308823f417b2141e02e04571f5c0004e743556e7faf,0x015d9023ac1fbc6963c0ad84e3b98c47c6ff90def416e2c21f7b0da1759e4546,LootRealms,0.26203019729774657,264607728.88484424,2,1,2,2,2
"Mar 18, 2026",0x0743c83c41ce99ad470aa308823f417b2141e02e04571f5c0004e743556e7faf,0x00594d857f23ba0bb3b5820b2f24af943be6102d73b92228f8ac60f9ab364f36,LootRealms,0.2431783746256921,248155565.7986824,28,1,26,30,28
"Mar 18, 2026",0x037ee302be6f4e4f166c90662fa346241667da86d6690d7704d96b790eb796cf,0x0498edfaf50ca5855666a700c25dd629d577eb9afccdf3b5977aec79aee55ada,Opus,0.21413982352197092,216994942.13416386,168,28,5,2091,168
"Mar 18, 2026",0x03b6c6b615ff3df037d5fdad054b62ad89092149958b1500c1d281fd6f2fd14b,0x04b64b2f861d2ac56cee58a02d8474d83dc16cc84ecd8d3ef2024f70aed92378,Nostra,0.20881188581438154,213014563.735596,102,19,0,167,102
"Mar 18, 2026",0x05ffbcfeb50d200a0677c48a129a11245a3fc519d1d98d76882d1c9a1b19c6ed,0x075afe6402ad5a5c20dd25e10ec3b3986acaa647b77e4ae24b0cbc9a54a27a87,Ekubo,0.1800248131754375,145586733.97183657,522,216,15,2675,522
"Mar 18, 2026",0x0358663e6ed9d37efd33d4661e20b2bad143e0f92076b0c91fe65f31ccf55046,0x05cd48fccbfd8aa2773fe22c217e808319ffcc1c5a6a463f7d8fa2da48218196,StarkGate,0.1422360313685652,7920499.159611041,9,8,0,11,9
"Mar 18, 2026",0x0358663e6ed9d37efd33d4661e20b2bad143e0f92076b0c91fe65f31ccf55046,0x074761a8d48ce002963002becc6d9c3dd8a2a05b1075d55e5967f42296f16bd0,StarkGate,0.13974147636971973,2874709.993552547,2,1,2,2,2
"Mar 18, 2026",0x03b6c6b615ff3df037d5fdad054b62ad89092149958b1500c1d281fd6f2fd14b,0x00d8621fa1f45928c462a6db8e78b5a4bb09b6032ba2344707204757cc2adfe3,Nostra,0.1326517994102309,135469707.78826568,60,11,0,114,60
"Mar 18, 2026",0x0286355a41a2ab7f9233c864ed1f05ce629be19de5adc5274b9f117c4aae48b6,0x04d8bb956e6bd7a50fcb8b49d8e9fd8269cfadbeb73f457fd6d3fc1dff4b879e,Element Market,0.10954934487706651,110946146.84508471,22,13,22,22,22
"Mar 18, 2026",0x04f9849485e35f4a1c57d69b297feda94e743151f788202a6d731173babf4aec,0x07ae43abf704f4981094a4f3457d1abe6b176844f6cdfbb39c0544a635ef56b0,Nostra,0.106523944107825,106179147.20808384,108,48,0,481,108
"Mar 18, 2026",0x01b2df6d8861670d4a8ca4670433b2418d78169c2947f46dc614e69f333745c8,0x02ceed65a4bd731034c01113685c831b01c15d7d432f71afb1cf1634b53a2125,Universal Deployer,0.10284716217485972,107215469.64437468,237,17,238,246,237
"Mar 18, 2026",0x04f9849485e35f4a1c57d69b297feda94e743151f788202a6d731173babf4aec,0x068400056dccee818caa7e8a2c305f9a60d255145bac22d6c5c9bf9e2e046b71,Nostra,0.0955123419506467,93543832.50631583,119,70,1,547,119
"Mar 18, 2026",0x04f9849485e35f4a1c57d69b297feda94e743151f788202a6d731173babf4aec,0x05ef8800d242c5d5e218605d6a10e81449529d4144185f95bf4b8fb669424516,Nostra,0.09320111083914831,90943458.06884041,96,59,0,397,96
"Mar 18, 2026",0x029fd83b01f02b45987dfb9652633cd0f1f64a0f36403ab1fed7bd99642fa474,0x002fc2d4b41cc1f03d185e6681cbd40cced61915d4891517a042658d61cba3b1,Nostra,0.0865182887261461,88264091.96006854,67,15,0,518,67
"Mar 18, 2026",0x07d932bada070262a966bf3bdbd41fecf4d69d9c00c03e674d92d69b2dc7a022,0x00c318445d5a5096e2ad086452d5c97f65a9d28cafe343345e0fa70da0841295,Nostra,0.08551391322864539,79380263.27330907,16,16,1,86,16
"Mar 18, 2026",0x009f9205f50528a4c6308c69c675c14e65f31c72b1f7f1d2375d04fae1eec546,0x0124aeb495b947201f5fac96fd1138e326ad86195b98df6dec9009158a533b49,Eternum,0.07668423951966183,77586152.11643316,121,48,25,902,121
"Mar 18, 2026",0x03b6c6b615ff3df037d5fdad054b62ad89092149958b1500c1d281fd6f2fd14b,0x002bebc40e96b6f2247cc1992d720aed76d9edd7ee9c68cc949deea54defb965,Nostra,0.07540866346623452,76891391.4166929,41,14,0,63,41
"Mar 18, 2026",0x029fd83b01f02b45987dfb9652633cd0f1f64a0f36403ab1fed7bd99642fa474,0x05dcd26c25d9d8fd9fc860038dcb6e4d835e524eb8a85213a8cda5b7fff845f6,Nostra,0.07047848418269728,71937880.38112168,133,32,1,661,133
"Mar 18, 2026",0x0358663e6ed9d37efd33d4661e20b2bad143e0f92076b0c91fe65f31ccf55046,0x0594c1582459ea03f77deaf9eb7e3917d6994a03c13405ba42867f83d85f085d,StarkGate,0.06920744409807982,1907658.086124904,3,2,1,2,2
"Mar 18, 2026",0x029fd83b01f02b45987dfb9652633cd0f1f64a0f36403ab1fed7bd99642fa474,0x057146f6409deb4c9fa12866915dd952aa07c1eb2752e451d7f3b042086bdeb8,Nostra,0.06855401030856602,69424068.23250529,123,30,5,370,123
"Mar 18, 2026",0x074aad3c412b1d7c05f720abfd39adc709b8bf8a8c7640e50505a9436a6ff0cf,0x066037c083c33330a8460a65e4748ceec275bbf5f28aa71b686cbc0010e12597,Nostra,0.06842446303885756,70220626.02473977,118,27,0,309,118
"Mar 18, 2026",0x076efa96ef2751327b7644a27add6147be009724e1ad9a2290e67a718c4b7903,0x043e447f2008d7c24267524b9858f793851381d90a8780c1b31d62500ae26009,Brove,0.06743268925621886,68540656.26776737,67,1,67,67,67
"Mar 18, 2026",0x074aad3c412b1d7c05f720abfd39adc709b8bf8a8c7640e50505a9436a6ff0cf,0x00ba3037d968790ac486f70acaa9a1cab10cf5843bb85c986624b4d0e5a82e74,Nostra,0.06249383045871049,63558368.31278412,123,30,3,446,123
"Mar 18, 2026",0x0642c954a1346cdd4dc5b319fb9e78b858ab8a9fd98c6aee4d6165056acfdc28,0x07e2dd623390edcbadde1def93aa6c8a1866c664273d9a4e5f8129a060d25916,PonziLand,0.06194776099108728,62020091.21236592,21,1,21,21,21
"Mar 18, 2026",0x03836d91365026d9b4a91ca788e1c3551fa2b222e5ece5bf445e8d66c9c56766,0x0616757a151c21f9be8775098d591c2807316d992bbc3bb1a5c1821630589256,StarkGate,0.06114950051766561,17003676.00676041,1,1,1,1,1
"Mar 18, 2026",0x054419e4ceed1d9a705d8d149e0ccffa608c3830b3c504939daba4179900eda1,0x0088eedbe2fe3918b69ccb411713b7fa72079d4eddf291103ccbe41e78a9615c,StarkGate,0.060882056898558114,1265315.4382104876,2,1,1,1,1
"Mar 18, 2026",0x07fe6c3f183b4ecd4f644ed472df2c5ec3e15a3c90d92988a1f8cd5ffda56266,0x02ffce9d48390d497f7dfafa9dfd22025d9c285135bcc26c955aea8741f081d2,Haiko,0.060391954404399394,60519027.53886315,1,1,0,1,1
"Mar 18, 2026",0x073073a6c4b631f49e199e963259398baf150db99bfc15846f43163ec09381c4,0x050ed6ab03aef492cd062e25facf40ceef63294c53d12b514226f8fb4753266e,Ekubo,0.06022151547295253,56285223.65714174,77,43,0,152,77
"Mar 18, 2026",0x029fd83b01f02b45987dfb9652633cd0f1f64a0f36403ab1fed7bd99642fa474,0x0360f9786a6595137f84f2d6931aaec09ceec476a94a98dcad2bb092c6c06701,Nostra,0.0600180034425715,60926884.142358094,38,16,1,288,38
"Mar 18, 2026",0x037d63129281c4c42cba74218c809ffc9e6f87ca74e0bdabb757a7f236ca59c3,0x01248e385c23a929a015ec298a26560fa7745bbd6e41a886550e337b02714b1b,Re7 Labs,0.058788817512824464,59431270.80064771,8,1,8,12,8
"Mar 18, 2026",0x0743c83c41ce99ad470aa308823f417b2141e02e04571f5c0004e743556e7faf,0x04364d8e9f994453f5d0c8dc838293226d8ae0aec78030e5ee5fb91614b00eb5,LootRealms,0.05809761607444282,59259630.80953549,1,1,1,1,1
"Mar 18, 2026",0x029fd83b01f02b45987dfb9652633cd0f1f64a0f36403ab1fed7bd99642fa474,0x0453c4c996f1047d9370f824d68145bd5e7ce12d00437140ad02181e1d11dc83,Nostra,0.05764442497521485,58571648.83885677,128,31,2,503,128
"Mar 18, 2026",0x0608417939ea23747b180be2919f543d4c94ee7a2759511f80bbdfc2ffed410e,0x07d83b8842d2074a31926a59e942e4f39f879cac52e0f7c28b77240301a8bb6d,Brove,0.055334418128190406,56507754.28891238,4,3,1,5,4
"Mar 18, 2026",0x00757b0a734118b77ca0ef8298c904dc4d6dd1112a74b89f762e64578c5dd61e,0x07558a9da2fac57f5a4381fef8c36c92ca66adc20978063982382846f72a4448,Opus,0.05440945323837769,55892951.624745116,48,1,48,48,48
"Mar 18, 2026",0x037d63129281c4c42cba74218c809ffc9e6f87ca74e0bdabb757a7f236ca59c3,0x04ce3024b0ee879009112d7b0e073f8a87153dd35b029347d4247ffe48d28f51,Re7 Labs,0.05267660138081979,53620629.22931275,6,2,6,11,6
"Mar 18, 2026",0x0655ed27f19070cdbc6815b1eabb10653e03564a4ec83df289d464b9a111fdec,0x050707bc3b8730022f10530c2c6f6b9467644129c50c2868ad0036c5e4e9e616,ForgeYields,0.052317037882647306,53177418.45914388,2,1,2,2,2
"Mar 18, 2026",0x0684028bba86bf6c2b979f3d6ad2cfcc07943cff5bfa31368e4b65b4c6a554c8,0x07fdcec0cef01294c9c3d52415215949805c77bae8003702a7928fd6d2c36bc1,ForgeYields,0.047836944001735666,48737427.292399615,2,1,2,2,2
"Mar 18, 2026",0x0231adde42526bad434ca2eb983efdd64472638702f87f97e6e3c084f264e06f,0x017e9e62c04b50800d7c59454754fe31a2193c9c3c6c92c093f2ab0faadf8c87,10kswap,0.04634213101731017,37446787.07503638,43,35,0,85,43
"Mar 18, 2026",0x022837e805f6ebd2fc819b38d17dba57f07d4ff2ac3e931afba60393dc1ef7c3,0x04dd39de0a588f5e1c7a8377e1bef2c49caaee49a11433429d2c48f587b3a492,ForgeYields,0.04334568690652716,44216820.6004801,2,1,2,2,2
"Mar 18, 2026",0x029fd83b01f02b45987dfb9652633cd0f1f64a0f36403ab1fed7bd99642fa474,0x05b7d301fa769274f20e89222169c0fad4d846c366440afc160aafadd6f88f0c,Nostra,0.03705866223050448,37648830.26305985,119,27,3,313,119
"Mar 18, 2026",0x01c055a12da08c9b0f179364545124c3ae2418530552001cf2451423dae5dbad,0x07346e65e80eb61cdfcc56f6f21de07b312e93fe770fb17a6e43c1950acfdbab,Uncap,0.03441363325682861,35096160.72587383,3,2,3,3,3
"Mar 18, 2026",0x07bc7b264612d3ac261df0a6d72a6b73c84b9386ef0095dd340d42afc01bb53c,0x04479801e8674c839115bc6270b9bde0d3288cc974cc8c3c03e615c44038c0ce,PonziLand,0.034103927390819716,34143747.14499942,21,1,0,105,21
"Mar 18, 2026",0x037d63129281c4c42cba74218c809ffc9e6f87ca74e0bdabb757a7f236ca59c3,0x0351b36d0d9d8b40010658825adeeddb1397436cd41acd0ff6c6e23aaa8b5b30,Re7 Labs,0.02739154845767536,27877893.241290838,1,1,1,3,1
"Mar 18, 2026",0x04f9849485e35f4a1c57d69b297feda94e743151f788202a6d731173babf4aec,0x052b136b37a7e6ea52ce1647fb5edc64efe23d449fc1561d9994a9f8feaa6753,Nostra,0.026363240397779365,26637463.331325598,30,22,0,128,30
"Mar 18, 2026",0x04d6caf7dc0e10f58b38e89b2f029535e02ae133495c61c55f3c55506010913b,0x06716836514e75e9f4eaa0fe93aa0448480a321b669041d6b5f27aa75374ac66,Uncap,0.02100969831115094,21423228.675768234,3,2,0,3,3
"Mar 18, 2026",0x074aad3c412b1d7c05f720abfd39adc709b8bf8a8c7640e50505a9436a6ff0cf,0x0491480f21299223b9ce770f23a2c383437f9fbf57abc2ac952e9af8cdb12c97,Nostra,0.020982868150116928,21402337.973723587,119,27,0,326,119
"Mar 18, 2026",0x010999af7972d4e1cff67953bb407dd1401052534c268d4600cf7f302cca9e88,0x00c530f2c0aa4c16a0806365b0898499fba372e5df7a7172dc6fe9ba777e8007,Nostra,0.020735413090178692,20598185.569772325,41,26,11,294,41
"Mar 18, 2026",0x05ad546a6c28eb16584335a4f717918199ffde7e722131ef518df23ec55a34d4,0x07b696af58c967c1b14c9dde0ace001720635a660a8e90c565ea459345318b30,Ekubo,0.0179902675811523,18306082.48978105,459,71,2,974,459
"Mar 18, 2026",0x05973b1bed1f0a20a9125fac8ec5499f29f44bb70d9c465658c0da20ca9b75f3,0x04f5e0de717daa6aa8de63b1bf2e8d7823ec5b21a88461b1519d9dbc956fb7f2,Spiko,0.016329695441991365,16564947.643927349,9,9,8,12,9
"Mar 18, 2026",0x029fd83b01f02b45987dfb9652633cd0f1f64a0f36403ab1fed7bd99642fa474,0x01fecadfe7cda2487c66291f2970a629be8eecdcb006ba4e71d1428c2b7605c7,Nostra,0.015846057593855618,16051780.14583263,13,9,0,91,13
"Mar 18, 2026",0x00af217ac88042025de06ba64d713509e287c4bab56234826083432e2ec58a52,0x05bc1c8a78667fac3bf9617903dbf2c1bfe3937e1d37ada3d8b86bf70fb7926e,Opus,0.014271942436810545,14457733.412057867,26,1,0,26,26
"Mar 18, 2026",0x00af217ac88042025de06ba64d713509e287c4bab56234826083432e2ec58a52,0x02d1e95661e7726022071c06a95cdae092595954096c373cde24a34bb3984cbf,Opus,0.014271942436810545,14457733.41205787,26,1,0,26,26
"Mar 18, 2026",0x00af217ac88042025de06ba64d713509e287c4bab56234826083432e2ec58a52,0x0315ce9c5d3e5772481181441369d8eea74303b9710a6c72e3fcbbdb83c0dab1,Opus,0.013082613900409669,13252922.294386378,26,1,0,26,26
"Mar 18, 2026",0x00af217ac88042025de06ba64d713509e287c4bab56234826083432e2ec58a52,0x031a96fe18fe3fdab28822c82c81471f1802800723c8f3e209f1d9da53bc637d,Opus,0.013082613900409669,13252922.294386378,26,1,0,26,26
"Mar 18, 2026",0x002e4fbe1c458eb6ec7a5b15d78674bb6fbfd5872aca0fe920d462bd6fb8ed0b,0x0362ec0c49a9c8f2d322d0ba6a8ec1214b9e4f7e80a17d462ec2585362547d95,Nostra,0.012516770196577622,12824839.1883954,5,5,0,20,5
"Mar 18, 2026",0x04f9849485e35f4a1c57d69b297feda94e743151f788202a6d731173babf4aec,0x07f232e7857effe04f7351e9bb2f1ebc2589bacca3380ae84efcc22067c1436e,Nostra,0.011703847073031515,11260627.001050781,21,9,0,112,21
"Mar 18, 2026",0x029fd83b01f02b45987dfb9652633cd0f1f64a0f36403ab1fed7bd99642fa474,0x04f18ffc850cdfa223a530d7246d3c6fc12a5969e0aa5d4a88f470f5fe6c46e9,Nostra,0.011361513357690693,11596173.35910971,118,27,0,291,118
"Mar 18, 2026",0x0079c62b9e8e26527d1cfd9721e4bbe82a181212d8c4ce0bd9ef36214fe53653,0x04d0bb0a4c40012384e7c419e6eb3c637b28e8363fb66958b60d90505b9c072f,Opus,0.01024266015824839,10515267.072826989,2,2,2,2,2
"Mar 18, 2026",0x04f9849485e35f4a1c57d69b297feda94e743151f788202a6d731173babf4aec,0x05ae9c593b2bef20a8d69ae7abf1e6da551481f9efd83d03a9f05b6d7c9a78ec,Nostra,0.010033924694962766,9969150.010205347,16,14,0,58,16
"Mar 18, 2026",0x04f9849485e35f4a1c57d69b297feda94e743151f788202a6d731173babf4aec,0x0285aa1c4bbeef8a183fb7245f096ddc4c99c6b2fedd1c1af52a634c83842804,Nostra,0.009844352884468922,10018973.404128384,11,5,0,35,11
"Mar 18, 2026",0x03b6c6b615ff3df037d5fdad054b62ad89092149958b1500c1d281fd6f2fd14b,0x05a039ff36caf644c6f736c4afb82a7076904a99da4e3ff0a7da57b4017f8d39,Nostra,0.008586176768093588,8737313.590228096,7,3,0,8,7
"Mar 18, 2026",0x076b533a863ea90cc391c5226ec5d5b6466bfeb0721d6c970d3b627a18de720d,0x0514bd7ee8c97d4286bd481c54aa0793e43edbfb7e1ab9784c4b30469dcf9313,Nostra,0.00750828784478393,7654941.138753206,118,27,1,291,118
"Mar 18, 2026",0x076b533a863ea90cc391c5226ec5d5b6466bfeb0721d6c970d3b627a18de720d,0x05f296e1b9f4cf1ab452c218e72e02a8713cee98921dad2d3b5706235e128ee4,Nostra,0.006419751143513789,6550970.093670597,118,27,0,296,118
"Mar 18, 2026",0x07ad19eba012a12147cd91b475c22d75c47b6f59eb09ed18c27bb967477073ce,0x066e3e2ea2095b2a0424b9a2272e4058f30332df5ff226518d19c20d3ab8e842,Opus,0.006398541569614241,6478774.949020786,4,3,0,8,4
"Mar 18, 2026",0x036225e72f257920de8a7334037e77fcef0c787f73a26e65a2a64f2fb82d6853,0x04619e9ce4109590219c5263787050726be63382148538f3f936c22aa87d2fc2,Nostra,0.006064609665932336,6186222.706938276,22,6,2,59,22
"Mar 18, 2026",0x0386d92966f0908ded021f3959610dc52a605922387e0847df45832c046a79bd,0x0142af5b6c97f02cac9c91be1ea9895d855c5842825cb2180673796e54d73dc5,Nostra,0.005355333526970998,5463758.463611715,118,27,0,283,118
"Mar 18, 2026",0x076b533a863ea90cc391c5226ec5d5b6466bfeb0721d6c970d3b627a18de720d,0x044debfe17e4d9a5a1e226dabaf286e72c9cc36abbe71c5b847e669da4503893,Nostra,0.0053553335269709975,5463758.463611716,118,27,0,283,118
"Mar 18, 2026",0x076b533a863ea90cc391c5226ec5d5b6466bfeb0721d6c970d3b627a18de720d,0x005c4676bcb21454659479b3cd0129884d914df9c9b922c1c649696d2e058d70,Nostra,0.0053553335269709975,5463758.463611713,118,27,0,283,118
"Mar 18, 2026",0x076b533a863ea90cc391c5226ec5d5b6466bfeb0721d6c970d3b627a18de720d,0x06669cb476aa7e6a29c18b59b54f30b8bfcfbb8444f09e7bbb06c10895bf5d7b,Nostra,0.005090201285440588,5191590.603906064,4,2,2,12,4
"Mar 18, 2026",0x029fd83b01f02b45987dfb9652633cd0f1f64a0f36403ab1fed7bd99642fa474,0x0735d0f09a4e8bf8a17005fa35061b5957dcaa56889fc75df9e94530ff6991ea,Nostra,0.004750388561914074,4825793.71220572,4,3,0,28,4
"Mar 18, 2026",0x02e977279dc9c17cf8ac24fdda54e910843ded14c24f5b9a1aec03d0f08a1835,0x0586fc03b4e6901ef423890c19e8fcf528a269329ab23ff7cb2df975ec3d4d62,Uncap,0.0044688613896835755,4558412.852306126,3,2,0,12,3
"Mar 18, 2026",0x01069ccc8864027bd123810ccb47917b57e09723fc28f06797cec4064709e8ab,0x0780627de12ac84a7887b7f83496a8ece5ea3c5eb7170f9f00587dabfdbe18d1,Uncap,0.004389481127890913,4479480.9511602055,3,2,0,16,3
"Mar 18, 2026",0x030cdf64bacc2779e2f207b3992de1c2e5036b9e87c22eb60319ae25f1a73077,0x02bcaef2eb7706875a5fdc6853dd961a0590f850bc3a031c59887189b5e84ba1,Re7 Labs,0.004179788154406045,4270696.567135913,1,1,1,1,1
"Mar 18, 2026",0x066e6c4b3ff0c038485993ffeb7ff3b176cdf91ee52fb5a6113117874944e08f,0x05dbdedc203e92749e2e746e2d40a768d966bd243df04a6b712e222bc040a9af,Starknet ID,0.0035944984598955143,3651775.553198222,7,5,5,10,7
"Mar 18, 2026",0x05ffbcfeb50d200a0677c48a129a11245a3fc519d1d98d76882d1c9a1b19c6ed,0x00585c32b625999e6e5e78645ff8df7a9001cf5cf3eb6b80ccdd16cb64bd3a34,zkLend,0.0034922460499897776,3529014.213277574,2,2,0,2,2
"Mar 18, 2026",0x027bb37f5b8cbf4fd29f1042f5574e6b6faeda9951bad9571b54af56887966b7,0x06ac597f8116f886fa1c97a23fa4e08299975ecaf6b598873ca6792b9bbfb678,Starknet ID,0.0030810172270145527,3152929.7649992444,2,1,2,2,1
"Mar 18, 2026",0x04f9849485e35f4a1c57d69b297feda94e743151f788202a6d731173babf4aec,0x03d51776d3ce07c211d5dbdf40a9333ec6d6d3a0b2853de1d6706f9ea3b88d45,Nostra,0.002985469953894595,3033492.9264571257,3,1,0,3,3
"Mar 18, 2026",0x03b6c6b615ff3df037d5fdad054b62ad89092149958b1500c1d281fd6f2fd14b,0x00365a0163903df975000160ff8f4480fda4d903c9d5a0643cd13908ecb41f28,Nostra,0.002965744360464071,3029145.3846616475,1,1,0,2,1
"Mar 18, 2026",0x04f9849485e35f4a1c57d69b297feda94e743151f788202a6d731173babf4aec,0x03f8c9062f1bfe45f82cd70ed97ff053bc5836783ec66adfe3288eb1b43aa83b,Nostra,0.0029146851433448193,2961248.6054317974,3,1,0,3,3
"Mar 18, 2026",0x000a89570d9d299bf7d1091ed0bd044e68fc0f5f997bc415d6e7127b198c272e,0x0618144e41e8b67ee316e696907e4bda28569f300372e41854fd2982d1d528fd,Ejara,0.0024978749920678187,2548243.69531967,1,1,1,1,1
"Mar 18, 2026",0x054262acdda5a51fb77b3d7a3e977cfe056f34faf5e75e793afea58026aa7470,0x076def79cc9a3a375779c163ad12996f99fbeb4acd68d7041529159bde897160,Nostra,0.0024692076395979134,2521209.799554566,1,1,0,4,1
"Mar 18, 2026",0x038082dfcc9e1afd67eaabcb9b0cff0646237badf22a494bcfc72532c8fc2249,0x01aa950c9b974294787de8df8880ecf668840a6ab8fa8290bf2952212b375148,Jediswap,0.0023922921189961006,2452209.3078257735,36,30,0,124,36
"Mar 18, 2026",0x06afa2f21a611f8b4a77ef681a9eb0c7cd6e52aa918e7f8b4b8142b4ca1bde49,0x01325caf7c91ee415b8df721fb952fa88486a0fc250063eafddd5d3c67867ce7,Nostra,0.002111198122709574,2160918.7505287,3,3,0,12,3
"Mar 18, 2026",0x00ad4c3a594c5366e1a6d9faa16618a6a91781e47662b79dd93848d5827b62f0,0x02458a105b42db469fb1f8b35ab3ce126dab5a0881ad3c2bbf36bec0a34168c5,art/peace,0.0018355702831141655,1865029.2157595153,3,1,3,3,3
"Mar 18, 2026",0x06248498d24d93ca254fc018991919082866b7f9c9128dcddebd1252a6ad5fe5,0x042a37aa9263b01191286f0f800cc85c676441fb9d27d74bbf3ebcbf4e373d81,Uncap,0.0015657538476701552,1597608.182753928,3,2,0,95,3
"Mar 18, 2026",0x029fd83b01f02b45987dfb9652633cd0f1f64a0f36403ab1fed7bd99642fa474,0x022ccca3a16c9ef0df7d56cbdccd8c4a6f98356dfd11abc61a112483b242db90,Nostra,0.0014601736824601979,1500130.7049368815,2,1,0,14,2
"Mar 18, 2026",0x05973b1bed1f0a20a9125fac8ec5499f29f44bb70d9c465658c0da20ca9b75f3,0x020ff2f6021ada9edbceaf31b96f9f67b746662a6e6b2bc9d30c0d3e290a71f6,Spiko,0.0011667146752651792,1182487.1786580437,1,1,1,1,1
"Mar 18, 2026",0x01ea86e318e073dc0b20f82d89d25f6c8d2fe4134a24479107801e0c1fe68484,0x04708f47cafbd0f07b42f7831dff8624950e5e847ea761aac22979507bbd1ab5,PonziLand,0.0007225408345512654,723384.4734110049,21,1,0,21,21
"Mar 18, 2026",0x03a076d5c163f505a7777bcc14ad1345ab93a4213125a8f3dbbe16f236e0be64,0x021bcb191263cd28357465f9388570465f330724fe2a9a085fb372c7356226dc,Dmail Network,0.0006650606672586206,671759.4690474009,3,2,2,3,3
"Mar 18, 2026",0x055d4faaa2ec1264799fe2e0689a13d613d1c22398afb9d4ba03d5c5e8b3602a,0x075d9e518f46a9ca0404fb0a7d386ce056dadf57fd9a0e8659772cb517be4a18,Uncap,0.0006575489904799093,673351.5127493725,2,2,2,4,2
"Mar 18, 2026",0x0075f5d9f0d7a9d9c9de62594dae053feb990f6e70e978fdda1dc8abf2b1acdf,0x001ba4a9e2e86a41c6ed15016eda0404d12bf7b01052cccff1ace84d818335c7,Uncap,0.0005811913909317957,592815.9060194923,3,2,0,3,3
"Mar 18, 2026",0x054ee7a431cd9c0bd7bec010b623e9f945be8244fa926a405b1c34a574cc44bd,0x05a98d258b4cc6c8b8b654fa1ee36146c79e8c5315a610d7ee03df9b4b27a11e,Uncap,0.0002508730609816914,255902.4734797452,1,1,0,1,1
"Mar 18, 2026",0x05975305aa676314b830ec9c3fe56324e06341d943a3e22c28f9eb715c5a3ca4,0x04a1e17f1e4d5fdd839fa6a4c52a742b9d10871028b6ffcfb2f1de8dd5dc2cd4,Uncap,0.0001878693694079674,191633.4123033323,3,2,0,4,3
"Mar 18, 2026",0x0109d7fc56e18f8bc357ba6a39e8eb9c67ffd4eaf9dd0ae9caefd86e32c6f13d,0x07280a807c8b79379bec87919433b7b836b93a92e6d71b24ee99f4ffe33dd337,Influence,0.000178831772094402,180350.2639242393,1,1,0,1,1
"Mar 18, 2026",0x03de80d973a1dd17133559d2c81d74cdfde6a03b56d3784e7647d1aa98be88e0,0x06914f468ba28ad42149db6ed642c3c4f123a2c91f3e569d02e90881531c960e,Uncap,0.0001641000175200694,167380.6579727524,3,2,0,10,3
"Mar 18, 2026",0x064de9531932fbfb3959d0ebccf9b513ec3f2231e4f83383968af1babe603ab6,0x02a93ef8c7679a5f9b1fcf7286a6e1cadf2e9192be4bcb5cb2d1b39062697527,Nostra,0.0001256504881503088,126743.73188275196,6,2,0,6,6
"Mar 18, 2026",0x03dc4b60695e8cd02ad357f4f6c7c3ee287adf145c1998b3c7d34dee41923ac6,0x0241b9c4ce12c06f49fee2ec7c16337386fa5185168f538a7631aacecdf3df74,Influence,0.00006978849605660393,70584.34605857707,3,1,0,3,3
"Mar 18, 2026",0x0055373ed0e387ba6117b7bf65fa4a67af582f8de4e2a20cc75669d26ddb2df3,0x01c0a36e26a8f822e0d81f20a5a562b16a8f8a3dfd99801367dd2aea8f1a87a2,10kswap,0.000060584601264299256,61750.55747374478,2,2,0,2,2
"Mar 17, 2026",0x06687c0fc694b797e8a33c286ecc5a0da59faa2703b36c209a4301a4ed74ea53,0x062da0780fae50d68cecaa5a051606dc21217ba290969b302db4dd99d2e9b470,Extended,2424.838927388675,2341388789637.2695,85753,3689,122038,134457,11647
"Mar 17, 2026",0x00622e1d5971e4f99f8b3d6c9ed39738deebb61deea94acff22f70ebcc3537ef,0x06f7c4350d6d5ee926b3ac4fa0c9c351055456e75c92227468d84232fc493a9c,Loot Survivor,1139.5014773351963,1100978243385.7334,55343,92,0,61601,39526
"Mar 17, 2026",0x0429606f5203e9e5f43cfc2fb28023fafed24da6468ff7cf7b0d40b84c3db0bb,0x036017e69d21d6d8c13e266eabb73ef1f1d02722d86bdcabe5f168f8e549d3cd,Loot Survivor,263.6848901853186,254768384631.97565,40430,94,0,246587,40430
"Mar 17, 2026",0x055574645f135e0471a71bc1b33d72cea5d5c5072fac01b9822193681603722e,0x0127021a1b5a52d3174c2ab077c2b043c80369250d29428cee956d76ee51584f,AVNU,191.84786642944715,185037071769.69186,74919,48096,74919,74919,74919
"Mar 17, 2026",0x04ad3c1dc8413453db314497945b6903e1c766495a1e60492d44da9c2a986e4b,0x04718f5a0fc34cc1af16a1cdee98ffb20c31f5cd61d6ab07201858f4287c938d,STRK Token,179.50516327874215,171874375102.1418,204462,1351,2018,278825,204462
"Mar 17, 2026",0x0577604a2611c851e9cfc4da2ba7f7fc1d44a9327cc734d68b2b271340a6551c,0x00000005dd3d2f4429af886cd1a3b08289dbcea99a294197e9eb43b0e0325b4b,Ekubo,146.05076209071103,106151622298.0309,12800,670,0,87902,12800
"Mar 17, 2026",0x0340e435e91cfd5d1a5431783c7a1a995e92f435b717fe9012c1adf81c11cf77,0x01aa95ea66e7e01acf7dc3fda8be0d8661230c4c36b0169e2bab8ab4d6700dfc,Loot Survivor,133.45756647956682,129114675510.30069,11157,68,0,11158,11154
"Mar 17, 2026",0x04d6370214accdaac8cc249db34a916c92464235b87cf03641a85889d2f6d8e7,0x02a85bd616f912537c50a49a4076db02c00b29b2cdc8a197ce92ed1837fa875b,Pragma,49.43777435553236,47660054246.24586,1329,143,974,17827,1329
"Mar 17, 2026",0x01098b83039193053357e04788e0849cb28a0d2af2d67de9e52123ef4d267eb4,0x046da8955829adf2bda310099a0063451923f02e648cf25a1203aac6335cf0e4,Loot Survivor,47.21158737964363,45665995490.18465,12491,108,0,154781,12491
"Mar 17, 2026",0x0012276b8ff0f4c1f5c3a087ddc53a263fda97a5ee784f66bcda65467be5a98c,0x05aed2861d17a82b537528597f6710185088429b1c404bed9751518c87902cba,snapshotX,39.109193789652494,37769185915.87405,2140,1,0,4280,2140
"Mar 17, 2026",0x047f56c4572d11b6847e61de41cb268c3667b0d1b55e14aa183c8d802e5a72ac,0x0377c2d65debb3978ea81904e7d59740da1f07412e30d01c5ded1c5d6f1ddc43,Focus Tree,38.93231562432236,37650240270.85459,71142,45410,0,71228,70925
"Mar 17, 2026",0x06982d79b2c1da29974bb766df7e642960ce61de0c4d6211adf1aa8a16ae32b6,0x051fea4450da9d6aee758bdeba88b2f665bcbf549d2c61421aa724e9ac0ced8f,Cartridge,30.36667927489599,29346737772.12967,49035,133,98070,196140,49035
"Mar 17, 2026",0x0137a5970f752fd80649fb38d684b090decebec4f2853396617e4f2f01e5396a,0x0199741822c2dc722f6f605204f35e56dbc23bceed54818168c4c49e4fb8737e,Ekubo,27.356617240757146,23879703990.76048,8417,369,7782,19774,5253
"Mar 17, 2026",0x0432c02039833e1d0a937e8fbd472181579fbe068a2434dfea0420b3dd800502,0x029edbca81c979decd6ee02205127e8b10c011bca1d337141170095eba690931,Endur,15.323515402967773,14778099718.007067,560,71,260,10474,560
"Mar 17, 2026",0x07f162ee6baa4816cea0e2f25fa6ae0966618355bd752ecde6766e60815621f0,0x04270219d365d6b017231b52e92b3fb5d7c8378b05e9abc97724537a80e93b0f,AVNU,10.432309744226838,9943500661.363909,1100,352,133,4414,1100
"Mar 17, 2026",0x0306288971002bd7906e3a607d504dfb28dcbdc7655a115984e567dce3b67e8f,0x024a55b928496ef83468fdb9a5430fe031ac386b8f62f5c2eb7dd20ef7237415,Pragma,8.556223181773857,8261947180.763036,962,6,0,42094,962
"Mar 17, 2026",0x0131e8a1b84559246f3743584740446c28f7fd885d5859d63d2883d1002d80ba,0x043e4f09c32d13d43a880e85f69f7de93ceda62d6cf2581a582c6db635548fdc,Ekubo,7.168692341749094,6846325820.894337,1877,290,0,5012,1877
"Mar 17, 2026",0x07e7b6448b503b61d9bdaa834fd647d2e2ed58d01187a9d894e1ec8e6445f3cd,0x0422d33a3638dcc4c62e72e1d6942cd31eb643ef596ccac2351e0e21f6cd4bf4,Influence,5.325459084997242,5148258824.776962,651,20,481,1421,495
"Mar 17, 2026",0x0182dfcf12cf38789f5937a1b920f0513195131a408716224ac8273f371d9d0a,0x049ff5b3a7d38e2b50198f408fa8281635b5bc81ee49ab87ac36c8324c214427,Nostra,5.170502475883431,4930167189.838621,377,152,37,414,377
"Mar 17, 2026",0x020c69ca2574ce216956b19150f84980b42c3274a9fa1599f32e98df590b9fe8,0x05d07d9f64be843eb189f898200ab5ed66663d2db5523ce6f90b43654462ee66,Jokers of Neon,3.491495165803098,3372636639.1983056,887,5,887,887,887
"Mar 17, 2026",0x00c12f7c0a0bf73e3675345a8d28d26c83db3b13605f2aa33cba8344a0f582b5,0x02e0af29598b407c8716b17f6d2795eca1b471413fa03fb145a5e33722184067,Ekubo,3.1238360999899104,3012288063.5467243,436,36,78,2995,436
"Mar 17, 2026",0x002e4fbe1c458eb6ec7a5b15d78674bb6fbfd5872aca0fe920d462bd6fb8ed0b,0x01a2de9f2895ac4e6cb80c11ecc07ce8062a4ae883f64cb2b1dc6724b85e897d,Nostra,2.761780923375274,2642366676.575541,40,24,2,198,40
"Mar 17, 2026",0x002e4fbe1c458eb6ec7a5b15d78674bb6fbfd5872aca0fe920d462bd6fb8ed0b,0x05e03162008d76cf645fe53c6c13a7a5fce745e8991c6ffe94400d60e44c210a,Nostra,2.7215816219874736,2619021027.7118573,36,16,0,183,36
"Mar 17, 2026",0x02517d8839beef1dd5c901257cc01530dfff37bad76b72fea8c8985bf11125ca,0x029023e0a455d19d6887bc13727356070089527b79e6feb562ffe1afd6711dbe,Loot Survivor,1.8894026874926184,1826099438.3425944,4615,59,1,4703,4615
"Mar 17, 2026",0x05811dfbc1f38392aa3e9580178ee2b5bf48fe9ee421ba709625e447d51bfe76,0x005e470ff654d834983a46b8f29dfa99963d5044b993cb7b9c92243a69dab38f,Ekubo,1.7844862941406365,1718995429.3751636,1096,199,0,1802,1096
"Mar 17, 2026",0x002e4fbe1c458eb6ec7a5b15d78674bb6fbfd5872aca0fe920d462bd6fb8ed0b,0x042543c7d220465bd3f8f42314b51f4f3a61d58de3770523b281da61dbf27c8a,Nostra,1.5544508907471921,1480992180.2862208,45,21,2,174,45
"Mar 17, 2026",0x02517d8839beef1dd5c901257cc01530dfff37bad76b72fea8c8985bf11125ca,0x016f9def00daef9f1874dd932b081096f50aec2fe61df31a81bc5707a7522443,Loot Survivor,1.5525014973222424,1500568754.4119306,3576,58,0,3619,3576
"Mar 17, 2026",0x05ac1d8735a2db9dc798b4ac457357d2b36559aa7a174e84f7ec88654d123f26,0x0103eafe79f8631932530cc687dfcdeb013c883a82619ebf81be393e2953a87a,Loot Survivor,1.3783450460135762,1331481421.290543,146,53,11,208,146
"Mar 17, 2026",0x0261e2522908ec7d5fde00d3c0f83c90ec9caa1f3d12cd5be913e2ce55dcf8cb,0x03704c751314e87f871e63bfbaf2e43db895fc51b7d4c967cd3082e21a1d629f,Ejara,1.1696972080782981,1132865352.3332021,1519,1,1519,1519,1519
"Mar 17, 2026",0x0743c83c41ce99ad470aa308823f417b2141e02e04571f5c0004e743556e7faf,0x02e4727dfc9f4a6a0c8cee69c6987f487637ccd5e220808fd975bf267cf70431,LootRealms,1.1469455262885786,1111166221.6345546,69,1,69,69,69
"Mar 17, 2026",0x05d1b28890a519dcbb350bd0e422627299243921103cead25960d70b9b73f4fc,0x057b14a4231b82f1e525ff35a722d893ca3dd2bde0baa6cee97937c5be861dbc,atomiq.exchange,0.8508920774152792,821352320.2644452,138,3,126,138,138
"Mar 17, 2026",0x072ddc6cc22fb26453334e9cf1cbb92f12d2946d058e2b2b571c65d0f23d6516,0x02cb02c72e8a0975e69e88298443e984d965a49eab38f5bdde1f5072daa09cfe,Starknet Staking,0.8505399752808758,820340419.8257554,215,116,88,233,215
"Mar 17, 2026",0x02517d8839beef1dd5c901257cc01530dfff37bad76b72fea8c8985bf11125ca,0x049eaed2a1ba2f2eb6ac2661ffd2d79231cdd7d5293d9448df49c5986c9897ae,Loot Survivor,0.8182258393732973,790438523.4509879,769,55,2,811,769
"Mar 17, 2026",0x04e40639b8104b510a4522442ca55e7029406e5cdb140707f78ee82e98599b9f,0x01c3c8284d7eed443b42f47e764032a56eaf50a9079d67993b633930e3689814,Loot Survivor,0.8159162370955277,789287455.3186841,189,59,20,352,189
"Mar 17, 2026",0x062c6e1d7bd892e63a3514c672e9cfe63bfb647fac4eccc54517f135c25750ee,0x000d8d6dfec4d33bfb6895de9f3852143a17c6f92fd2a21da3d6924d34870160,Vesu,0.7509201784593735,723009673.2860696,61,6,0,67,61
"Mar 17, 2026",0x02517d8839beef1dd5c901257cc01530dfff37bad76b72fea8c8985bf11125ca,0x016dea82a6588ca9fb7200125fa05631b1c1735a313e24afe9c90301e441a796,Loot Survivor,0.7376517623215408,712516579.2044209,790,48,0,809,790
"Mar 17, 2026",0x04b1651ce08651a821bcb548f0d0a8a824b92959081e80e258b3a2b5094ca3f0,0x06b734db9fd1244f26622204a89dc6e212620f1413ec8cbc46f2c0bb53fc7deb,Starknet,0.7287378214562515,703870022.4299521,77,1,77,77,77
"Mar 17, 2026",0x0358663e6ed9d37efd33d4661e20b2bad143e0f92076b0c91fe65f31ccf55046,0x073314940630fd6dcda0d772d4c972c4e0a9946bef9dabf4ef84eda8ef542b82,StarkGate,0.7171585500374916,16889536.441059154,17,8,9,13,13
"Mar 17, 2026",0x037d63129281c4c42cba74218c809ffc9e6f87ca74e0bdabb757a7f236ca59c3,0x01c9232b8186d9317652f05055615f18a120c2ad9e5ee96c39e031c257fb945b,Re7 Labs,0.5369171598568118,517870395.83490497,100,1,100,152,100
"Mar 17, 2026",0x01a736d6ed154502257f02b1ccdf4d9d1089f80811cd6acad48e6b6a9d1f2003,0x019252b1deef483477c4d30cfcc3e5ed9c82fafea44669c182a45a01b4fdb97a,Layerswap,0.4658634500930835,449461417.23364025,416,1,0,832,416
"Mar 17, 2026",0x078e647e45d1d01f6af14124f5dcc58fccc3a3c888d97169e321e2fbe5488436,0x073f6addc9339de9822cab4dac8c9431779c09077f02ba7bc36904ea342dd9eb,Nostra,0.447190000036479,433027641.172741,33,12,0,112,33
"Mar 17, 2026",0x0337f32bd5fccef2b67d2c620a8d31abccd5960c37f0c0b58d5e5327fac7e6b7,0x0038925b0bcf4dce081042ca26a96300d9e181b910328db54a6c89e5451503f5,Haiko,0.4097315422963871,395924035.1138505,13,6,0,13,13
"Mar 17, 2026",0x02eb0fc47912fe0997d82d8c66aad672cfd8b3ec56161d42e3059c3443603f71,0x0359550b990167afd6635fa574f3bdadd83cb51850e1d00061fe693158c23f80,Jediswap,0.34285266875702036,331811191.1032307,23,4,0,52,23
"Mar 17, 2026",0x0242c26b828af0e6dbef60b84e300a257c81c990c52cf0486a39c061e701e23a,0x06428ec3221f369792df13e7d59580902f1bfabd56a81d30224f4f282ba380cd,Opus,0.3221090354237734,311053497.42312545,30,3,0,463,30
"Mar 17, 2026",0x06cb284a6d8ef16b86856d753e3655406f9ff86f4d8e4f22479f2d739fbb4df2,0x00f6f4cf62e3c010e0ac2451cc7807b5eec19a40b0faacd00cca3914280fdf5a,Fibrous,0.3160772550085386,307179851.7413791,5,1,0,56,5
"Mar 17, 2026",0x009f9205f50528a4c6308c69c675c14e65f31c72b1f7f1d2375d04fae1eec546,0x0124aeb495b947201f5fac96fd1138e326ad86195b98df6dec9009158a533b49,Eternum,0.3014722932612517,291080454.66345024,98,28,11,795,98
"Mar 17, 2026",0x037ee302be6f4e4f166c90662fa346241667da86d6690d7704d96b790eb796cf,0x0498edfaf50ca5855666a700c25dd629d577eb9afccdf3b5977aec79aee55ada,Opus,0.26396186735447436,255030311.8687638,189,20,6,2287,189
"Mar 17, 2026",0x0514718bb56ed2a8607554c7d393c2ffd73cbab971c120b00a2ce27cc58dd1c1,0x07a6f98c03379b9513ca84cca1373ff452a7462a3b61598f0af5bb27ad7f76d1,10kswap,0.2630962074275832,248058721.6154836,194,108,0,200,194
"Mar 17, 2026",0x0231adde42526bad434ca2eb983efdd64472638702f87f97e6e3c084f264e06f,0x000023c72abdf49dffc85ae3ede714f2168ad384cc67d08524732acea90df325,10kswap,0.2581978412390571,247357396.4247804,101,44,0,207,101
"Mar 17, 2026",0x05f06dcb8ef65dd934ba261e6f5ddc03ad3707a028236289feef4ef451f01a52,0x028d709c875c0ceac3dce7065bec5328186dc89fe254527084d1689910954b0a,Endur,0.2075358581900233,200282568.50813618,130,41,34,656,130
"Mar 17, 2026",0x002e4fbe1c458eb6ec7a5b15d78674bb6fbfd5872aca0fe920d462bd6fb8ed0b,0x01583919ffd78e87fa28fdf6b6a805fe3ddf52f754a63721dcd4c258211129a6,Nostra,0.18424848141400735,172193750.9502049,3,3,0,16,3
"Mar 17, 2026",0x05ffbcfeb50d200a0677c48a129a11245a3fc519d1d98d76882d1c9a1b19c6ed,0x075afe6402ad5a5c20dd25e10ec3b3986acaa647b77e4ae24b0cbc9a54a27a87,Ekubo,0.170319425537234,162227177.0369601,810,200,20,3520,810
"Mar 17, 2026",0x03a4008a3e868c3545b61a38b054f054c22a9c8f242eeeaa536c7d9c2226694b,0x059a943ca214c10234b9a3b61c558ac20c005127d183b86a99a8f3c60a08b4ff,Nostra,0.14186314828852611,137039155.46748474,32,12,0,483,32
"Mar 17, 2026",0x022837e805f6ebd2fc819b38d17dba57f07d4ff2ac3e931afba60393dc1ef7c3,0x04dd39de0a588f5e1c7a8377e1bef2c49caaee49a11433429d2c48f587b3a492,ForgeYields,0.1252440667991043,121054283.68964468,4,3,3,4,4
"Mar 17, 2026",0x01b2df6d8861670d4a8ca4670433b2418d78169c2947f46dc614e69f333745c8,0x02ceed65a4bd731034c01113685c831b01c15d7d432f71afb1cf1634b53a2125,Universal Deployer,0.12193250737619175,117849690.22310176,266,16,269,276,266
"Mar 17, 2026",0x0358663e6ed9d37efd33d4661e20b2bad143e0f92076b0c91fe65f31ccf55046,0x05cd48fccbfd8aa2773fe22c217e808319ffcc1c5a6a463f7d8fa2da48218196,StarkGate,0.10899989101537681,7749217.846231591,9,9,0,9,9
"Mar 17, 2026",0x04f9849485e35f4a1c57d69b297feda94e743151f788202a6d731173babf4aec,0x07ae43abf704f4981094a4f3457d1abe6b176844f6cdfbb39c0544a635ef56b0,Nostra,0.10656941954282186,102321792.5002386,111,46,0,501,111
"Mar 17, 2026",0x00b07c50e1721320a59e93740447a5ce9740a6b3d88b014d33d68f01e7b00170,0x051f5fc1ddcffcb0bf548378e0166a5e5328fb4894efbab170e3fb1a4c0cdfdf,Loot Survivor,0.10453107414715662,101326685.92985274,16,1,21,21,2
"Mar 17, 2026",0x04f9849485e35f4a1c57d69b297feda94e743151f788202a6d731173babf4aec,0x068400056dccee818caa7e8a2c305f9a60d255145bac22d6c5c9bf9e2e046b71,Nostra,0.09172710744146238,87601472.31525275,114,66,0,486,114
"Mar 17, 2026",0x029fd83b01f02b45987dfb9652633cd0f1f64a0f36403ab1fed7bd99642fa474,0x05dcd26c25d9d8fd9fc860038dcb6e4d835e524eb8a85213a8cda5b7fff845f6,Nostra,0.06698762668946927,64779192.99098356,30,11,6,106,30
"Mar 17, 2026",0x029fd83b01f02b45987dfb9652633cd0f1f64a0f36403ab1fed7bd99642fa474,0x057146f6409deb4c9fa12866915dd952aa07c1eb2752e451d7f3b042086bdeb8,Nostra,0.06274563413571804,60672321.61697334,23,10,4,106,23
"Mar 17, 2026",0x0079c62b9e8e26527d1cfd9721e4bbe82a181212d8c4ce0bd9ef36214fe53653,0x04d0bb0a4c40012384e7c419e6eb3c637b28e8363fb66958b60d90505b9c072f,Opus,0.061672748806278835,59744118.49762006,12,2,12,12,12
"Mar 17, 2026",0x0655ed27f19070cdbc6815b1eabb10653e03564a4ec83df289d464b9a111fdec,0x050707bc3b8730022f10530c2c6f6b9467644129c50c2868ad0036c5e4e9e616,ForgeYields,0.058024535035204904,55944290.64316635,3,1,3,3,3
"Mar 17, 2026",0x00757b0a734118b77ca0ef8298c904dc4d6dd1112a74b89f762e64578c5dd61e,0x07558a9da2fac57f5a4381fef8c36c92ca66adc20978063982382846f72a4448,Opus,0.05792007642862519,55892951.62474513,48,1,48,48,48
"Mar 17, 2026",0x04f9849485e35f4a1c57d69b297feda94e743151f788202a6d731173babf4aec,0x05ef8800d242c5d5e218605d6a10e81449529d4144185f95bf4b8fb669424516,Nostra,0.05636515832105481,53513532.804098405,58,36,0,222,58
"Mar 17, 2026",0x0358663e6ed9d37efd33d4661e20b2bad143e0f92076b0c91fe65f31ccf55046,0x0594c1582459ea03f77deaf9eb7e3917d6994a03c13405ba42867f83d85f085d,StarkGate,0.05605272291917103,1367832.6920132686,2,1,1,1,1
"Mar 17, 2026",0x025ab0e73e56b2c4f3290605e4152e98ca5c98118097f4be50237964d23a78d6,0x0603cf837055c64d026a3c5a9e3a83036cea6c4a3f68a9e19f7a687d726fe817,Influence,0.055335669381059306,948845.8337689494,1,1,1,1,1
"Mar 17, 2026",0x0684028bba86bf6c2b979f3d6ad2cfcc07943cff5bfa31368e4b65b4c6a554c8,0x07fdcec0cef01294c9c3d52415215949805c77bae8003702a7928fd6d2c36bc1,ForgeYields,0.05056038989419829,48737427.292399615,2,1,2,2,2
"Mar 17, 2026",0x074aad3c412b1d7c05f720abfd39adc709b8bf8a8c7640e50505a9436a6ff0cf,0x063d69ae657bd2f40337c39bf35a870ac27ddf91e6623c2f52529db4c1619a51,Nostra,0.04653460601655805,44992740.898816004,30,11,6,159,30
"Mar 17, 2026",0x037d63129281c4c42cba74218c809ffc9e6f87ca74e0bdabb757a7f236ca59c3,0x02bcaef2eb7706875a5fdc6853dd961a0590f850bc3a031c59887189b5e84ba1,Re7 Labs,0.04326799759726998,41562250.81408944,4,1,4,6,4
"Mar 17, 2026",0x010999af7972d4e1cff67953bb407dd1401052534c268d4600cf7f302cca9e88,0x00c530f2c0aa4c16a0806365b0898499fba372e5df7a7172dc6fe9ba777e8007,Nostra,0.043050615133280394,27367110.537974652,38,23,12,358,38
"Mar 17, 2026",0x076efa96ef2751327b7644a27add6147be009724e1ad9a2290e67a718c4b7903,0x043e447f2008d7c24267524b9858f793851381d90a8780c1b31d62500ae26009,Brove,0.04272976055060602,41081227.539302155,40,1,40,40,40
"Mar 17, 2026",0x07d932bada070262a966bf3bdbd41fecf4d69d9c00c03e674d92d69b2dc7a022,0x00c318445d5a5096e2ad086452d5c97f65a9d28cafe343345e0fa70da0841295,Nostra,0.04138591407941306,39452482.07599551,10,10,0,58,10
"Mar 17, 2026",0x037d63129281c4c42cba74218c809ffc9e6f87ca74e0bdabb757a7f236ca59c3,0x04ce3024b0ee879009112d7b0e073f8a87153dd35b029347d4247ffe48d28f51,Re7 Labs,0.03495497450800482,33603924.185859986,7,1,7,11,7
"Mar 17, 2026",0x074aad3c412b1d7c05f720abfd39adc709b8bf8a8c7640e50505a9436a6ff0cf,0x00ba3037d968790ac486f70acaa9a1cab10cf5843bb85c986624b4d0e5a82e74,Nostra,0.033191195361857856,32231510.81756781,23,10,0,151,23
"Mar 17, 2026",0x037d63129281c4c42cba74218c809ffc9e6f87ca74e0bdabb757a7f236ca59c3,0x01248e385c23a929a015ec298a26560fa7745bbd6e41a886550e337b02714b1b,Re7 Labs,0.03289742774132842,31857785.74246615,7,1,7,9,7
"Mar 17, 2026",0x0743c83c41ce99ad470aa308823f417b2141e02e04571f5c0004e743556e7faf,0x0643bce119f53a1ec83f57c4c42f694659c2da543d6f8a85b335d3f4bef12548,LootRealms,0.027619032135510434,26956755.496987253,3,1,1,5,3
"Mar 17, 2026",0x076b533a863ea90cc391c5226ec5d5b6466bfeb0721d6c970d3b627a18de720d,0x044debfe17e4d9a5a1e226dabaf286e72c9cc36abbe71c5b847e669da4503893,Nostra,0.026282230175990483,25591116.615557354,23,10,1,35,23
"Mar 17, 2026",0x029fd83b01f02b45987dfb9652633cd0f1f64a0f36403ab1fed7bd99642fa474,0x0453c4c996f1047d9370f824d68145bd5e7ce12d00437140ad02181e1d11dc83,Nostra,0.02582982418287885,24340892.60218082,25,11,0,48,25
"Mar 17, 2026",0x03b6c6b615ff3df037d5fdad054b62ad89092149958b1500c1d281fd6f2fd14b,0x04b64b2f861d2ac56cee58a02d8474d83dc16cc84ecd8d3ef2024f70aed92378,Nostra,0.02471058285164962,23944734.923633743,17,6,0,19,17
"Mar 17, 2026",0x0372f78538763e8bc8d8b00e78f7f3632e373f315c963324442a139007d7c1ba,0x05b4ff547559e1b0681e8f62a0d420f83009a6491f4927f3f158b932abff5f7f,POW!,0.022836155277304516,22253514.3199921,20,1,0,27,2
"Mar 17, 2026",0x03836d91365026d9b4a91ca788e1c3551fa2b222e5ece5bf445e8d66c9c56766,0x0616757a151c21f9be8775098d591c2807316d992bbc3bb1a5c1821630589256,StarkGate,0.020771500361380146,1139545.3360824743,1,1,0,1,1
"Mar 17, 2026",0x073073a6c4b631f49e199e963259398baf150db99bfc15846f43163ec09381c4,0x050ed6ab03aef492cd062e25facf40ceef63294c53d12b514226f8fb4753266e,Ekubo,0.020418648460848794,18888559.881753337,20,11,0,44,20
"Mar 17, 2026",0x0642c954a1346cdd4dc5b319fb9e78b858ab8a9fd98c6aee4d6165056acfdc28,0x07e2dd623390edcbadde1def93aa6c8a1866c664273d9a4e5f8129a060d25916,PonziLand,0.020052525397264064,19361256.110205896,1,1,0,1,1
"Mar 17, 2026",0x05ad546a6c28eb16584335a4f717918199ffde7e722131ef518df23ec55a34d4,0x07b696af58c967c1b14c9dde0ace001720635a660a8e90c565ea459345318b30,Ekubo,0.017729237142306318,17085798.42460634,437,37,1,960,437
"Mar 17, 2026",0x0231adde42526bad434ca2eb983efdd64472638702f87f97e6e3c084f264e06f,0x017e9e62c04b50800d7c59454754fe31a2193c9c3c6c92c093f2ab0faadf8c87,10kswap,0.01647145768429117,15402378.984679975,17,17,0,34,17
"Mar 17, 2026",0x029fd83b01f02b45987dfb9652633cd0f1f64a0f36403ab1fed7bd99642fa474,0x002fc2d4b41cc1f03d185e6681cbd40cced61915d4891517a042658d61cba3b1,Nostra,0.0155184717946831,15005228.355483187,13,4,0,91,13
"Mar 17, 2026",0x04f9849485e35f4a1c57d69b297feda94e743151f788202a6d731173babf4aec,0x07f232e7857effe04f7351e9bb2f1ebc2589bacca3380ae84efcc22067c1436e,Nostra,0.015239557853418477,14579242.65447957,18,11,0,100,18
"Mar 17, 2026",0x04f9849485e35f4a1c57d69b297feda94e743151f788202a6d731173babf4aec,0x052b136b37a7e6ea52ce1647fb5edc64efe23d449fc1561d9994a9f8feaa6753,Nostra,0.015008474536016414,14304169.407620914,24,14,0,117,24
"Mar 17, 2026",0x07bc7b264612d3ac261df0a6d72a6b73c84b9386ef0095dd340d42afc01bb53c,0x04479801e8674c839115bc6270b9bde0d3288cc974cc8c3c03e615c44038c0ce,PonziLand,0.014412752629283543,13915902.829210486,1,1,0,2,1
"Mar 17, 2026",0x01c055a12da08c9b0f179364545124c3ae2418530552001cf2451423dae5dbad,0x07346e65e80eb61cdfcc56f6f21de07b312e93fe770fb17a6e43c1950acfdbab,Uncap,0.01382158468016037,13324388.222711258,1,1,1,1,1
"Mar 17, 2026",0x00af217ac88042025de06ba64d713509e287c4bab56234826083432e2ec58a52,0x02d1e95661e7726022071c06a95cdae092595954096c373cde24a34bb3984cbf,Opus,0.013744454131393621,13271910.916268647,24,1,0,24,24
"Mar 17, 2026",0x00af217ac88042025de06ba64d713509e287c4bab56234826083432e2ec58a52,0x05bc1c8a78667fac3bf9617903dbf2c1bfe3937e1d37ada3d8b86bf70fb7926e,Opus,0.01374445413139362,13271910.916268647,24,1,0,24,24
"Mar 17, 2026",0x074aad3c412b1d7c05f720abfd39adc709b8bf8a8c7640e50505a9436a6ff0cf,0x024e9b0d6bc79e111e6872bb1ada2a874c25712cf08dfc5bcf0de008a7cca55f,Nostra,0.013162468140812041,12658291.223176884,25,11,2,60,25
"Mar 17, 2026",0x00af217ac88042025de06ba64d713509e287c4bab56234826083432e2ec58a52,0x0315ce9c5d3e5772481181441369d8eea74303b9710a6c72e3fcbbdb83c0dab1,Opus,0.01310490650037501,12647749.015936488,25,2,0,26,25
"Mar 17, 2026",0x03b6c6b615ff3df037d5fdad054b62ad89092149958b1500c1d281fd6f2fd14b,0x00d8621fa1f45928c462a6db8e78b5a4bb09b6032ba2344707204757cc2adfe3,Nostra,0.01294086483843977,12452156.308126356,11,4,0,11,11
"Mar 17, 2026",0x00af217ac88042025de06ba64d713509e287c4bab56234826083432e2ec58a52,0x031a96fe18fe3fdab28822c82c81471f1802800723c8f3e209f1d9da53bc637d,Opus,0.012599082953777487,12165918.33991293,24,1,0,24,24
"Mar 17, 2026",0x054262acdda5a51fb77b3d7a3e977cfe056f34faf5e75e793afea58026aa7470,0x076def79cc9a3a375779c163ad12996f99fbeb4acd68d7041529159bde897160,Nostra,0.011612373744729683,11230110.600123709,1,1,0,5,1
"Mar 17, 2026",0x002e4fbe1c458eb6ec7a5b15d78674bb6fbfd5872aca0fe920d462bd6fb8ed0b,0x0362ec0c49a9c8f2d322d0ba6a8ec1214b9e4f7e80a17d462ec2585362547d95,Nostra,0.008955959757425958,8584325.7033192,3,3,0,16,3
"Mar 17, 2026",0x04f9849485e35f4a1c57d69b297feda94e743151f788202a6d731173babf4aec,0x0285aa1c4bbeef8a183fb7245f096ddc4c99c6b2fedd1c1af52a634c83842804,Nostra,0.008923832507271346,8598895.463934544,14,5,0,63,14
"Mar 17, 2026",0x029fd83b01f02b45987dfb9652633cd0f1f64a0f36403ab1fed7bd99642fa474,0x01fecadfe7cda2487c66291f2970a629be8eecdcb006ba4e71d1428c2b7605c7,Nostra,0.008822375016096978,8557632.635739673,7,3,0,53,7
"Mar 17, 2026",0x05973b1bed1f0a20a9125fac8ec5499f29f44bb70d9c465658c0da20ca9b75f3,0x04f5e0de717daa6aa8de63b1bf2e8d7823ec5b21a88461b1519d9dbc956fb7f2,Spiko,0.00866778134067151,8379001.875034172,6,5,6,7,5
"Mar 17, 2026",0x04d6caf7dc0e10f58b38e89b2f029535e02ae133495c61c55f3c55506010913b,0x06716836514e75e9f4eaa0fe93aa0448480a321b669041d6b5f27aa75374ac66,Uncap,0.008628634069549845,8318240.841039441,1,1,0,1,1
"Mar 17, 2026",0x04f9849485e35f4a1c57d69b297feda94e743151f788202a6d731173babf4aec,0x03d51776d3ce07c211d5dbdf40a9333ec6d6d3a0b2853de1d6706f9ea3b88d45,Nostra,0.0052958731816209505,5085093.07678009,6,3,0,14,6
"Mar 17, 2026",0x029fd83b01f02b45987dfb9652633cd0f1f64a0f36403ab1fed7bd99642fa474,0x0360f9786a6595137f84f2d6931aaec09ceec476a94a98dcad2bb092c6c06701,Nostra,0.0051748768624712,4927377.181241266,3,3,0,21,3
"Mar 17, 2026",0x04f9849485e35f4a1c57d69b297feda94e743151f788202a6d731173babf4aec,0x03f8c9062f1bfe45f82cd70ed97ff053bc5836783ec66adfe3288eb1b43aa83b,Nostra,0.005144866641964648,4936982.611072618,6,3,0,14,6
"Mar 17, 2026",0x04f9849485e35f4a1c57d69b297feda94e743151f788202a6d731173babf4aec,0x05ae9c593b2bef20a8d69ae7abf1e6da551481f9efd83d03a9f05b6d7c9a78ec,Nostra,0.00453239379314438,4358757.417556256,6,5,0,22,6
"Mar 17, 2026",0x03b6c6b615ff3df037d5fdad054b62ad89092149958b1500c1d281fd6f2fd14b,0x05a039ff36caf644c6f736c4afb82a7076904a99da4e3ff0a7da57b4017f8d39,Nostra,0.004527426857298294,4350287.664140849,3,1,0,3,3
"Mar 17, 2026",0x0075f5d9f0d7a9d9c9de62594dae053feb990f6e70e978fdda1dc8abf2b1acdf,0x001ba4a9e2e86a41c6ed15016eda0404d12bf7b01052cccff1ace84d818335c7,Uncap,0.004319527435934673,4203978.981628164,2,2,1,3,2
"Mar 17, 2026",0x002e4fbe1c458eb6ec7a5b15d78674bb6fbfd5872aca0fe920d462bd6fb8ed0b,0x0577521a1f005bd663d0fa7f37f0dbac4d7f55b98791d280b158346d9551ff2b,Nostra,0.003989241708791603,3797302.042524891,1,1,0,7,1
"Mar 17, 2026",0x05ffbcfeb50d200a0677c48a129a11245a3fc519d1d98d76882d1c9a1b19c6ed,0x00585c32b625999e6e5e78645ff8df7a9001cf5cf3eb6b80ccdd16cb64bd3a34,zkLend,0.003569169429761048,3339422.9374396466,8,1,0,58,8
"Mar 17, 2026",0x03b6c6b615ff3df037d5fdad054b62ad89092149958b1500c1d281fd6f2fd14b,0x002bebc40e96b6f2247cc1992d720aed76d9edd7ee9c68cc949deea54defb965,Nostra,0.003500877778262668,3311914.0100396834,2,2,0,2,2
"Mar 17, 2026",0x00ad4c3a594c5366e1a6d9faa16618a6a91781e47662b79dd93848d5827b62f0,0x02458a105b42db469fb1f8b35ab3ce126dab5a0881ad3c2bbf36bec0a34168c5,art/peace,0.0033061687946652346,3187648.0966259576,6,2,6,6,6
"Mar 17, 2026",0x01069ccc8864027bd123810ccb47917b57e09723fc28f06797cec4064709e8ab,0x0780627de12ac84a7887b7f83496a8ece5ea3c5eb7170f9f00587dabfdbe18d1,Uncap,0.003110465539734391,3013891.9856148055,2,2,0,5,2
"Mar 17, 2026",0x036225e72f257920de8a7334037e77fcef0c787f73a26e65a2a64f2fb82d6853,0x04619e9ce4109590219c5263787050726be63382148538f3f936c22aa87d2fc2,Nostra,0.0029376280300958076,2856687.446844666,5,3,1,12,5
"Mar 17, 2026",0x07ad19eba012a12147cd91b475c22d75c47b6f59eb09ed18c27bb967477073ce,0x066e3e2ea2095b2a0424b9a2272e4058f30332df5ff226518d19c20d3ab8e842,Opus,0.0028845825413376094,2786293.3608555617,1,1,0,2,1
"Mar 17, 2026",0x029fd83b01f02b45987dfb9652633cd0f1f64a0f36403ab1fed7bd99642fa474,0x05b7d301fa769274f20e89222169c0fad4d846c366440afc160aafadd6f88f0c,Nostra,0.0025192939382219603,2428737.4552071374,23,10,0,36,23
"Mar 17, 2026",0x03b6c6b615ff3df037d5fdad054b62ad89092149958b1500c1d281fd6f2fd14b,0x00365a0163903df975000160ff8f4480fda4d903c9d5a0643cd13908ecb41f28,Nostra,0.00221094121534205,2131846.801363632,1,1,0,1,1
"Mar 17, 2026",0x02e977279dc9c17cf8ac24fdda54e910843ded14c24f5b9a1aec03d0f08a1835,0x0586fc03b4e6901ef423890c19e8fcf528a269329ab23ff7cb2df975ec3d4d62,Uncap,0.002088164028534748,2013047.623174194,1,1,0,4,1
"Mar 17, 2026",0x038082dfcc9e1afd67eaabcb9b0cff0646237badf22a494bcfc72532c8fc2249,0x01aa950c9b974294787de8df8880ecf668840a6ab8fa8290bf2952212b375148,Jediswap,0.0018395424178767564,1766911.9637544565,34,15,0,126,34
"Mar 17, 2026",0x066e6c4b3ff0c038485993ffeb7ff3b176cdf91ee52fb5a6113117874944e08f,0x05dbdedc203e92749e2e746e2d40a768d966bd243df04a6b712e222bc040a9af,Starknet ID,0.0015835896136605285,1523297.349289062,3,3,3,3,3
"Mar 17, 2026",0x03b6c6b615ff3df037d5fdad054b62ad89092149958b1500c1d281fd6f2fd14b,0x016e7a7f6f1c205ab9cbbf8e1c170eb6a88a3f51706be8dfa59fc3f1b20a35d7,Nostra,0.0015050183913526572,1459354.6166331717,1,1,0,2,1
"Mar 17, 2026",0x029fd83b01f02b45987dfb9652633cd0f1f64a0f36403ab1fed7bd99642fa474,0x04f18ffc850cdfa223a530d7246d3c6fc12a5969e0aa5d4a88f470f5fe6c46e9,Nostra,0.0014381173752850546,1389862.7891436506,23,10,0,33,23
"Mar 17, 2026",0x074aad3c412b1d7c05f720abfd39adc709b8bf8a8c7640e50505a9436a6ff0cf,0x0491480f21299223b9ce770f23a2c383437f9fbf57abc2ac952e9af8cdb12c97,Nostra,0.0014381173752850546,1389862.7891436503,23,10,0,33,23
"Mar 17, 2026",0x074aad3c412b1d7c05f720abfd39adc709b8bf8a8c7640e50505a9436a6ff0cf,0x066037c083c33330a8460a65e4748ceec275bbf5f28aa71b686cbc0010e12597,Nostra,0.0014381173752850544,1389862.7891436503,23,10,0,33,23
"Mar 17, 2026",0x0608417939ea23747b180be2919f543d4c94ee7a2759511f80bbdfc2ffed410e,0x07d83b8842d2074a31926a59e942e4f39f879cac52e0f7c28b77240301a8bb6d,Brove,0.0013946911213292867,1336965.9518599561,1,1,0,1,1
"Mar 17, 2026",0x030cdf64bacc2779e2f207b3992de1c2e5036b9e87c22eb60319ae25f1a73077,0x01f083b98674bc21effee29ef443a00c7b9a500fd92cf30341a3da12c73f2324,Troves,0.0011820676409284448,1149095.791962175,1,1,0,1,1
"Mar 17, 2026",0x055d4faaa2ec1264799fe2e0689a13d613d1c22398afb9d4ba03d5c5e8b3602a,0x075d9e518f46a9ca0404fb0a7d386ce056dadf57fd9a0e8659772cb517be4a18,Uncap,0.001012569486808703,982628.3918445988,2,2,2,4,2
"Mar 17, 2026",0x06248498d24d93ca254fc018991919082866b7f9c9128dcddebd1252a6ad5fe5,0x042a37aa9263b01191286f0f800cc85c676441fb9d27d74bbf3ebcbf4e373d81,Uncap,0.0009094753795070032,879703.9861850335,2,2,0,44,2
"Mar 17, 2026",0x02e2b0572c84099a7eb50712f0e1ec944e68f388a236308dbf5c2e1108d05db5,0x03830e4eda8e20783529b5316c0469f6f471b72c89be5369fbd5246c77b21936,OnChainGM,0.0009025192382362242,869247.1843509189,1,1,1,1,1
"Mar 17, 2026",0x0386d92966f0908ded021f3959610dc52a605922387e0847df45832c046a79bd,0x0142af5b6c97f02cac9c91be1ea9895d855c5842825cb2180673796e54d73dc5,Nostra,0.0007190586876425273,694931.3945718254,23,10,0,33,23
"Mar 17, 2026",0x076b533a863ea90cc391c5226ec5d5b6466bfeb0721d6c970d3b627a18de720d,0x005c4676bcb21454659479b3cd0129884d914df9c9b922c1c649696d2e058d70,Nostra,0.0007190586876425272,694931.3945718252,23,10,0,33,23
"Mar 17, 2026",0x076b533a863ea90cc391c5226ec5d5b6466bfeb0721d6c970d3b627a18de720d,0x0514bd7ee8c97d4286bd481c54aa0793e43edbfb7e1ab9784c4b30469dcf9313,Nostra,0.0007190586876425272,694931.3945718253,23,10,0,33,23
"Mar 17, 2026",0x076b533a863ea90cc391c5226ec5d5b6466bfeb0721d6c970d3b627a18de720d,0x05f296e1b9f4cf1ab452c218e72e02a8713cee98921dad2d3b5706235e128ee4,Nostra,0.0007190586876425272,694931.3945718252,23,10,0,33,23
"Mar 17, 2026",0x04f9849485e35f4a1c57d69b297feda94e743151f788202a6d731173babf4aec,0x05737b6463e8aab45d9237180ac68515a49fa3e0656f06b5831c15c69af83332,Nostra,0.00045376405074810304,435293.02411255176,1,1,0,4,1
"Mar 17, 2026",0x054ee7a431cd9c0bd7bec010b623e9f945be8244fa926a405b1c34a574cc44bd,0x05a98d258b4cc6c8b8b654fa1ee36146c79e8c5315a610d7ee03df9b4b27a11e,Uncap,0.0002593777776417789,250047.31987092507,1,1,0,1,1
"Mar 17, 2026",0x05975305aa676314b830ec9c3fe56324e06341d943a3e22c28f9eb715c5a3ca4,0x04a1e17f1e4d5fdd839fa6a4c52a742b9d10871028b6ffcfb2f1de8dd5dc2cd4,Uncap,0.0001604683851010472,154695.94189347897,1,1,0,2,1
"Mar 17, 2026",0x064de9531932fbfb3959d0ebccf9b513ec3f2231e4f83383968af1babe603ab6,0x02a93ef8c7679a5f9b1fcf7286a6e1cadf2e9192be4bcb5cb2d1b39062697527,Nostra,0.0001604613054719798,154706.09085868363,8,7,0,8,8
"Mar 17, 2026",0x03a076d5c163f505a7777bcc14ad1345ab93a4213125a8f3dbbe16f236e0be64,0x021bcb191263cd28357465f9388570465f330724fe2a9a085fb372c7356226dc,Dmail Network,0.00012724540289514274,123854.1629249519,1,1,0,1,1
"Mar 17, 2026",0x0055373ed0e387ba6117b7bf65fa4a67af582f8de4e2a20cc75669d26ddb2df3,0x01c0a36e26a8f822e0d81f20a5a562b16a8f8a3dfd99801367dd2aea8f1a87a2,10kswap,0.00012120133695878113,117929.90521872214,4,4,0,4,4
"Mar 17, 2026",0x03de80d973a1dd17133559d2c81d74cdfde6a03b56d3784e7647d1aa98be88e0,0x06914f468ba28ad42149db6ed642c3c4f123a2c91f3e569d02e90881531c960e,Uncap,0.00003458370368557052,33339.64264945668,1,1,0,2,1